ID,Date,PH,PH rank,Solubility,Solubility Rank,Ammonium,Ammonium rank,Permanganate,Permanganate rank,Total Organic Carbon,TOC rank,Points,Result,Y
5,01-12-2015 04:00,8.17,¢Ò,9.87,¢Ò,1.05,¢Ò,9999,-,0.29,"¢Ú
",5,Clean,0
5,01-12-2015 08:00,8.17,¢Ò,9.7,¢Ò,1.01,¢Ò,9999,-,0.29,"¢Ú
",5,Clean,0
5,01-12-2015 12:00,8.18,¢Ò,9.6,¢Ò,1.01,¢Ò,9999,-,0.38,"¢Ú
",5,Clean,0
5,01-12-2015 16:00,8.17,¢Ò,9.8,¢Ò,1.01,¢Ò,9999,-,0.26,"¢Ú
",5,Clean,0
5,01-12-2015 20:00,8.17,¢Ò,9.8,¢Ò,1.01,¢Ò,9999,-,0.25,"¢Ú
",5,Clean,0
5,02-12-2015 00:00,8.16,¢Ò,9.7,¢Ò,1.01,¢Ò,9999,-,0.25,"¢Ú
",5,Clean,0
5,02-12-2015 04:00,8.18,¢Ò,9.7,¢Ò,1.01,¢Ò,9999,-,0.28,"¢Ú
",5,Clean,0
5,02-12-2015 08:00,8.17,¢Ò,9.8,¢Ò,1.01,¢Ò,9999,-,0.25,"¢Ú
",5,Clean,0
5,02-12-2015 12:00,8.18,¢Ò,9.7,¢Ò,1.01,¢Ò,9999,-,0.25,"¢Ú
",5,Clean,0
5,02-12-2015 16:00,8.18,¢Ò,10.6,¢Ò,1.01,¢Ò,9999,-,0.25,"¢Ú
",5,Clean,0
5,02-12-2015 20:00,8.16,¢Ò,10.1,¢Ò,1.01,¢Ò,9999,-,0.25,"¢Ú
",5,Clean,0
5,03-12-2015 00:00,8.16,¢Ò,10.2,¢Ò,1.01,¢Ò,9999,-,0.26,"¢Ú
",5,Clean,0
5,03-12-2015 04:00,8.17,¢Ò,10.1,¢Ò,1.01,¢Ò,9999,-,0.27,"¢Ú
",5,Clean,0
5,03-12-2015 08:00,8.17,¢Ò,10.06,¢Ò,1.01,¢Ò,9999,-,0.25,"¢Ú
",5,Clean,0
5,03-12-2015 12:00,8.18,¢Ò,10.04,¢Ò,1.01,¢Ò,9999,-,0.28,"¢Ú
",5,Clean,0
5,03-12-2015 16:00,8.17,¢Ò,9.9,¢Ò,1.01,¢Ò,9999,-,0.26,"¢Ú
",5,Clean,0
5,03-12-2015 20:00,8.15,¢Ò,11,¢Ò,1.01,¢Ò,9999,-,0.29,"¢Ú
",5,Clean,0
5,04-12-2015 00:00,8.16,¢Ò,10.2,¢Ò,1.01,¢Ò,9999,-,0.23,"¢Ú
",5,Clean,0
5,04-12-2015 04:00,8.17,¢Ò,10.2,¢Ò,1.01,¢Ò,9999,-,0.24,"¢Ú
",5,Clean,0
5,04-12-2015 08:00,8.18,¢Ò,10,¢Ò,1.01,¢Ò,9999,-,0.25,"¢Ú
",5,Clean,0
5,04-12-2015 12:00,8.19,¢Ò,10.1,¢Ò,1.01,¢Ò,9999,-,0.25,"¢Ú
",5,Clean,0
5,04-12-2015 16:00,8.17,¢Ò,9.9,¢Ò,1.01,¢Ò,9999,-,0.26,"¢Ú
",5,Clean,0
5,04-12-2015 20:00,8.19,¢Ò,10,¢Ò,1.01,¢Ò,9999,-,0.26,"¢Ú
",5,Clean,0
5,05-12-2015 00:00,8.19,¢Ò,10,¢Ò,1.01,¢Ò,9999,-,0.24,"¢Ú
",5,Clean,0
5,05-12-2015 04:00,8.19,¢Ò,10.1,¢Ò,1.01,¢Ò,9999,-,0.27,"¢Ú
",5,Clean,0
5,05-12-2015 08:00,8.19,¢Ò,9.9,¢Ò,1.01,¢Ò,9999,-,0.27,"¢Ú
",5,Clean,0
5,05-12-2015 12:00,8.2,¢Ò,10.4,¢Ò,1.01,¢Ò,9999,-,0.28,"¢Ú
",5,Clean,0
5,05-12-2015 16:00,8.18,¢Ò,10.2,¢Ò,1.01,¢Ò,9999,-,0.24,"¢Ú
",5,Clean,0
5,06-12-2015 04:00,8.18,¢Ò,10,¢Ò,1.01,¢Ò,9999,-,0.25,"¢Ú
",5,Clean,0
5,06-12-2015 08:00,8.18,¢Ò,9.9,¢Ò,1.01,¢Ò,9999,-,0.29,"¢Ú
",5,Clean,0
5,06-12-2015 12:00,8.18,¢Ò,10.9,¢Ò,1.01,¢Ò,9999,-,0.26,"¢Ú
",5,Clean,0
5,06-12-2015 16:00,8.17,¢Ò,9.9,¢Ò,1.01,¢Ò,9999,-,0.24,"¢Ú
",5,Clean,0
5,06-12-2015 20:00,8.16,¢Ò,10.2,¢Ò,1.01,¢Ò,9999,-,0.29,"¢Ú
",5,Clean,0
5,07-12-2015 00:00,8.17,¢Ò,10.4,¢Ò,1.01,¢Ò,9999,-,0.26,"¢Ú
",5,Clean,0
5,07-12-2015 04:00,8.19,¢Ò,10.3,¢Ò,1.01,¢Ò,9999,-,0.27,"¢Ú
",5,Clean,0
5,07-12-2015 08:00,8.21,¢Ò,10.2,¢Ò,1.01,¢Ò,9999,-,0.28,"¢Ú
",5,Clean,0
5,07-12-2015 12:00,8.22,¢Ò,10,¢Ò,2.27,¢Ú,9999,-,0.25,"¢Ú
",6,Clean,0
5,07-12-2015 16:00,8.23,¢Ò,9.6,¢Ò,1.32,¢Ò,9999,-,0.25,"¢Ú
",5,Clean,0
5,07-12-2015 20:00,8.22,¢Ò,9.8,¢Ò,1.32,¢Ò,9999,-,0.26,"¢Ú
",5,Clean,0
5,08-12-2015 00:00,8.19,¢Ò,10,¢Ò,1.19,¢Ò,9999,-,0.25,"¢Ú
",5,Clean,0
5,08-12-2015 04:00,8.21,¢Ò,9.9,¢Ò,1.07,¢Ò,9999,-,0.23,"¢Ú
",5,Clean,0
5,08-12-2015 08:00,8.21,¢Ò,10,¢Ò,0.99,¢Ò,9999,-,0.24,"¢Ú
",5,Clean,0
5,08-12-2015 12:00,8.01,¢Ò,8.6,¢Ò,1.24,¢Ò,9999,-,0.31,"¢Ú
",5,Clean,0
5,08-12-2015 16:00,8.01,¢Ò,8.6,¢Ò,1.24,¢Ò,9999,-,0.11,"¢Ò
",4,Clean,0
5,08-12-2015 20:00,8,¢Ò,8.9,¢Ò,2.26,¢Ú,9999,-,0.21,"¢Ú
",6,Clean,0
5,09-12-2015 00:00,7.99,¢Ò,8.8,¢Ò,0.93,¢Ò,9999,-,0.22,"¢Ú
",5,Clean,0
5,09-12-2015 04:00,-1,-,-1,-,1.1,¢Ò,9999,-,0.21,"¢Ú
",3,Clean,0
5,09-12-2015 08:00,-1,-,-1,-,1.63,¢Ò,9999,-,0.17,"¢Ú
",3,Clean,0
5,09-12-2015 12:00,-1,-,-1,-,1.39,¢Ò,9999,-,0.16,"¢Ú
",3,Clean,0
5,09-12-2015 16:00,-1,-,-1,-,1.41,¢Ò,9999,-,0.16,"¢Ú
",3,Clean,0
5,09-12-2015 20:00,-1,-,-1,-,1.45,¢Ò,9999,-,0.17,"¢Ú
",3,Clean,0
5,10-12-2015 00:00,-1,-,-1,-,2.09,¢Ú,9999,-,0.19,"¢Ú
",4,Clean,0
5,10-12-2015 04:00,-1,-,-1,-,1.64,¢Ò,9999,-,0.19,"¢Ú
",3,Clean,0
5,10-12-2015 08:00,-1,-,-1,-,1.56,¢Ò,9999,-,0.18,"¢Ú
",3,Clean,0
5,10-12-2015 12:00,7.94,¢Ò,8.8,¢Ò,1.6,¢Ò,9999,-,0.17,"¢Ú
",5,Clean,0
5,10-12-2015 16:00,7.95,¢Ò,8.9,¢Ò,1.57,¢Ò,9999,-,0.14,"¢Ò
",4,Clean,0
5,10-12-2015 20:00,7.95,¢Ò,9.2,¢Ò,1.49,¢Ò,9999,-,0.16,"¢Ú
",5,Clean,0
5,11-12-2015 00:00,7.95,¢Ò,9.2,¢Ò,1.39,¢Ò,9999,-,0.15,"¢Ò
",4,Clean,0
5,11-12-2015 04:00,7.96,¢Ò,9,¢Ò,1.23,¢Ò,9999,-,0.16,"¢Ú
",5,Clean,0
5,11-12-2015 08:00,7.95,¢Ò,8.8,¢Ò,1.25,¢Ò,9999,-,0.14,"¢Ò
",4,Clean,0
5,11-12-2015 12:00,7.99,¢Ò,8.8,¢Ò,1.33,¢Ò,9999,-,0.15,"¢Ò
",4,Clean,0
5,11-12-2015 16:00,7.99,¢Ò,8.9,¢Ò,1.1,¢Ò,9999,-,0.1,"¢Ò
",4,Clean,0
5,11-12-2015 20:00,7.96,¢Ò,8.9,¢Ò,1.24,¢Ò,9999,-,0.13,"¢Ò
",4,Clean,0
5,12-12-2015 00:00,7.96,¢Ò,9,¢Ò,1.07,¢Ò,9999,-,0.15,"¢Ò
",4,Clean,0
5,12-12-2015 04:00,8,¢Ò,8.9,¢Ò,1.12,¢Ò,9999,-,0.15,"¢Ò
",4,Clean,0
5,12-12-2015 08:00,7.99,¢Ò,8.8,¢Ò,1.2,¢Ò,9999,-,0.15,"¢Ò
",4,Clean,0
5,12-12-2015 12:00,7.99,¢Ò,8.7,¢Ò,1.04,¢Ò,9999,-,0.15,"¢Ò
",4,Clean,0
5,12-12-2015 16:00,7.98,¢Ò,8.9,¢Ò,1.17,¢Ò,9999,-,0.14,"¢Ò
",4,Clean,0
5,13-12-2015 04:00,7.97,¢Ò,8.9,¢Ò,1.15,¢Ò,9999,-,0.14,"¢Ò
",4,Clean,0
5,13-12-2015 08:00,7.99,¢Ò,8.9,¢Ò,1.2,¢Ò,9999,-,0.1,"¢Ò
",4,Clean,0
5,13-12-2015 12:00,7.99,¢Ò,8.8,¢Ò,1.17,¢Ò,9999,-,0.11,"¢Ò
",4,Clean,0
5,13-12-2015 16:00,7.98,¢Ò,8.9,¢Ò,1.16,¢Ò,9999,-,0.12,"¢Ò
",4,Clean,0
5,13-12-2015 20:00,7.98,¢Ò,8.9,¢Ò,1.19,¢Ò,9999,-,0.13,"¢Ò
",4,Clean,0
5,14-12-2015 00:00,7.96,¢Ò,8.9,¢Ò,1.25,¢Ò,9999,-,0.12,"¢Ò
",4,Clean,0
5,14-12-2015 04:00,7.95,¢Ò,8.8,¢Ò,1.26,¢Ò,9999,-,0.13,"¢Ò
",4,Clean,0
5,14-12-2015 08:00,7.97,¢Ò,8.73,¢Ò,1.15,¢Ò,9999,-,0.13,"¢Ò
",4,Clean,0
5,14-12-2015 12:00,7.97,¢Ò,8.6,¢Ò,1.1,¢Ò,9999,-,0.13,"¢Ò
",4,Clean,0
5,14-12-2015 16:00,7.96,¢Ò,8.7,¢Ò,0.93,¢Ò,9999,-,0.13,"¢Ò
",4,Clean,0
5,14-12-2015 20:00,7.96,¢Ò,8.8,¢Ò,1.1,¢Ò,9999,-,0.13,"¢Ò
",4,Clean,0
5,15-12-2015 00:00,7.93,¢Ò,8.8,¢Ò,0.94,¢Ò,9999,-,0.14,"¢Ò
",4,Clean,0
5,15-12-2015 04:00,7.92,¢Ò,8.8,¢Ò,1.02,¢Ò,9999,-,0.14,"¢Ò
",4,Clean,0
5,15-12-2015 08:00,7.93,¢Ò,8.8,¢Ò,1.08,¢Ò,9999,-,0.12,"¢Ò
",4,Clean,0
5,15-12-2015 12:00,7.94,¢Ò,8.8,¢Ò,1.04,¢Ò,9999,-,0.11,"¢Ò
",4,Clean,0
5,15-12-2015 16:00,7.94,¢Ò,8.8,¢Ò,0.91,¢Ò,9999,-,0.11,"¢Ò
",4,Clean,0
5,15-12-2015 20:00,7.93,¢Ò,8.9,¢Ò,0.93,¢Ò,9999,-,0.13,"¢Ò
",4,Clean,0
5,16-12-2015 00:00,7.92,¢Ò,9.1,¢Ò,1,¢Ò,9999,-,0.14,"¢Ò
",4,Clean,0
5,16-12-2015 04:00,7.94,¢Ò,9,¢Ò,1,¢Ò,9999,-,0.11,"¢Ò
",4,Clean,0
5,16-12-2015 08:00,7.94,¢Ò,9,¢Ò,1,¢Ò,9999,-,0.11,"¢Ò
",4,Clean,0
5,16-12-2015 12:00,7.95,¢Ò,8.7,¢Ò,0.94,¢Ò,9999,-,0.1,"¢Ò
",4,Clean,0
5,16-12-2015 16:00,7.94,¢Ò,9,¢Ò,0.96,¢Ò,9999,-,0.11,"¢Ò
",4,Clean,0
5,16-12-2015 20:00,7.91,¢Ò,9.1,¢Ò,1.04,¢Ò,9999,-,0.09,"¢Ò
",4,Clean,0
5,17-12-2015 00:00,7.93,¢Ò,9.2,¢Ò,1.02,¢Ò,9999,-,0.12,"¢Ò
",4,Clean,0
5,17-12-2015 04:00,7.95,¢Ò,9.1,¢Ò,1.01,¢Ò,9999,-,0.11,"¢Ò
",4,Clean,0
5,17-12-2015 08:00,7.95,¢Ò,9.1,¢Ò,1.01,¢Ò,9999,-,0.11,"¢Ò
",4,Clean,0
5,17-12-2015 12:00,7.97,¢Ò,8.9,¢Ò,1.08,¢Ò,9999,-,0.1,"¢Ò
",4,Clean,0
5,17-12-2015 16:00,7.96,¢Ò,9.3,¢Ò,0.94,¢Ò,9999,-,0.11,"¢Ò
",4,Clean,0
5,17-12-2015 20:00,7.97,¢Ò,9.3,¢Ò,1.06,¢Ò,9999,-,0.11,"¢Ò
",4,Clean,0
5,18-12-2015 00:00,7.97,¢Ò,9.3,¢Ò,1.07,¢Ò,9999,-,0.1,"¢Ò
",4,Clean,0
5,18-12-2015 04:00,7.97,¢Ò,9.2,¢Ò,1.05,¢Ò,9999,-,0.13,"¢Ò
",4,Clean,0
5,18-12-2015 08:00,7.96,¢Ò,9.16,¢Ò,1.1,¢Ò,9999,-,0.11,"¢Ò
",4,Clean,0
5,18-12-2015 12:00,7.96,¢Ò,9.4,¢Ò,0.97,¢Ò,9999,-,0.1,"¢Ò
",4,Clean,0
5,18-12-2015 16:00,7.96,¢Ò,9.3,¢Ò,1.09,¢Ò,9999,-,0.14,"¢Ò
",4,Clean,0
5,19-12-2015 04:00,7.99,¢Ò,9.3,¢Ò,0.99,¢Ò,9999,-,0.13,"¢Ò
",4,Clean,0
5,19-12-2015 08:00,7.99,¢Ò,9.18,¢Ò,0.91,¢Ò,9999,-,0.09,"¢Ò
",4,Clean,0
5,19-12-2015 12:00,7.99,¢Ò,9.11,¢Ò,0.96,¢Ò,9999,-,0.11,"¢Ò
",4,Clean,0
5,19-12-2015 16:00,7.99,¢Ò,9.1,¢Ò,0.9,¢Ò,9999,-,0.1,"¢Ò
",4,Clean,0
5,19-12-2015 20:00,7.99,¢Ò,9.2,¢Ò,0.87,¢Ò,9999,-,0.11,"¢Ò
",4,Clean,0
5,20-12-2015 00:00,8,¢Ò,9.3,¢Ò,0.87,¢Ò,9999,-,0.09,"¢Ò
",4,Clean,0
5,20-12-2015 04:00,7.99,¢Ò,9.2,¢Ò,0.8,¢Ò,9999,-,0.11,"¢Ò
",4,Clean,0
5,20-12-2015 08:00,7.99,¢Ò,9.1,¢Ò,-1,-,9999,-,0.13,"¢Ò
",3,Clean,0
5,20-12-2015 12:00,7.99,¢Ò,8.9,¢Ò,0.86,¢Ò,9999,-,0.1,"¢Ò
",4,Clean,0
5,20-12-2015 16:00,8,¢Ò,9,¢Ò,0.83,¢Ò,9999,-,0.12,"¢Ò
",4,Clean,0
5,20-12-2015 20:00,7.97,¢Ò,9.1,¢Ò,0.87,¢Ò,9999,-,0.13,"¢Ò
",4,Clean,0
5,21-12-2015 00:00,7.99,¢Ò,9.1,¢Ò,0.97,¢Ò,9999,-,0.12,"¢Ò
",4,Clean,0
5,21-12-2015 04:00,7.99,¢Ò,9.2,¢Ò,0.91,¢Ò,9999,-,0.17,"¢Ú
",5,Clean,0
5,21-12-2015 08:00,8.02,¢Ò,9.1,¢Ò,0.87,¢Ò,9999,-,0.12,"¢Ò
",4,Clean,0
5,21-12-2015 12:00,8.02,¢Ò,9.1,¢Ò,0.9,¢Ò,9999,-,0.15,"¢Ò
",4,Clean,0
5,21-12-2015 16:00,8.03,¢Ò,9.1,¢Ò,0.91,¢Ò,9999,-,0.12,"¢Ò
",4,Clean,0
5,21-12-2015 20:00,8.02,¢Ò,9.2,¢Ò,0.89,¢Ò,9999,-,0.15,"¢Ò
",4,Clean,0
5,22-12-2015 00:00,8,¢Ò,9.2,¢Ò,0.85,¢Ò,9999,-,0.13,"¢Ò
",4,Clean,0
5,22-12-2015 04:00,7.98,¢Ò,9.1,¢Ò,0.96,¢Ò,9999,-,0.13,"¢Ò
",4,Clean,0
5,22-12-2015 08:00,8.01,¢Ò,9.1,¢Ò,0.85,¢Ò,9999,-,0.14,"¢Ò
",4,Clean,0
5,22-12-2015 12:00,8.02,¢Ò,9,¢Ò,0.85,¢Ò,9999,-,0.14,"¢Ò
",4,Clean,0
5,22-12-2015 16:00,8.02,¢Ò,8.8,¢Ò,0.83,¢Ò,9999,-,0.12,"¢Ò
",4,Clean,0
5,22-12-2015 20:00,8.01,¢Ò,9.1,¢Ò,0.9,¢Ò,9999,-,0.16,"¢Ú
",5,Clean,0
5,23-12-2015 00:00,7.99,¢Ò,9.1,¢Ò,0.88,¢Ò,9999,-,0.15,"¢Ò
",4,Clean,0
5,23-12-2015 04:00,7.99,¢Ò,9.3,¢Ò,0.88,¢Ò,9999,-,0.12,"¢Ò
",4,Clean,0
5,23-12-2015 08:00,7.99,¢Ò,9.1,¢Ò,0.94,¢Ò,9999,-,0.13,"¢Ò
",4,Clean,0
5,23-12-2015 12:00,8.02,¢Ò,9,¢Ò,0.91,¢Ò,9999,-,0.12,"¢Ò
",4,Clean,0
5,23-12-2015 16:00,8.02,¢Ò,9,¢Ò,1.75,¢Ò,9999,-,0.07,"¢Ò
",4,Clean,0
5,23-12-2015 20:00,7.99,¢Ò,9.1,¢Ò,1.79,¢Ò,9999,-,0.12,"¢Ò
",4,Clean,0
5,24-12-2015 12:00,8.04,¢Ò,9.03,¢Ò,1.75,¢Ò,9999,-,0.12,"¢Ò
",4,Clean,0
5,25-12-2015 04:00,8.01,¢Ò,9.3,¢Ò,1.61,¢Ò,9999,-,0.16,"¢Ú
",5,Clean,0
5,25-12-2015 08:00,8.03,¢Ò,9.2,¢Ò,1.65,¢Ò,9999,-,0.15,"¢Ò
",4,Clean,0
5,25-12-2015 12:00,8.04,¢Ò,9,¢Ò,2.07,¢Ú,9999,-,0.13,"¢Ò
",5,Clean,0
5,25-12-2015 16:00,8.03,¢Ò,8.8,¢Ò,2.07,¢Ú,9999,-,0.12,"¢Ò
",5,Clean,0
5,25-12-2015 20:00,8.05,¢Ò,9.2,¢Ò,2.02,¢Ú,9999,-,0.13,"¢Ò
",5,Clean,0
5,26-12-2015 00:00,8.05,¢Ò,9.2,¢Ò,1.99,¢Ò,9999,-,0.13,"¢Ò
",4,Clean,0
5,26-12-2015 04:00,8.05,¢Ò,9.2,¢Ò,2.03,¢Ú,9999,-,0.12,"¢Ò
",5,Clean,0
5,26-12-2015 08:00,8.04,¢Ò,9.18,¢Ò,1.88,¢Ò,9999,-,0.12,"¢Ò
",4,Clean,0
5,26-12-2015 12:00,8.06,¢Ò,9.1,¢Ò,1.85,¢Ò,9999,-,0.12,"¢Ò
",4,Clean,0
5,26-12-2015 16:00,8.05,¢Ò,8.9,¢Ò,1.94,¢Ò,9999,-,0.1,"¢Ò
",4,Clean,0
5,26-12-2015 20:00,8.05,¢Ò,9.2,¢Ò,1.97,¢Ò,9999,-,0.13,"¢Ò
",4,Clean,0
5,27-12-2015 00:00,8.05,¢Ò,9.5,¢Ò,1.79,¢Ò,9999,-,0.12,"¢Ò
",4,Clean,0
5,27-12-2015 04:00,8.05,¢Ò,9.3,¢Ò,1.76,¢Ò,9999,-,0.12,"¢Ò
",4,Clean,0
5,27-12-2015 08:00,8.05,¢Ò,9.2,¢Ò,1.73,¢Ò,9999,-,0.15,"¢Ò
",4,Clean,0
5,27-12-2015 12:00,8.06,¢Ò,9.1,¢Ò,1.79,¢Ò,9999,-,0.12,"¢Ò
",4,Clean,0
5,27-12-2015 20:00,8.01,¢Ò,8.9,¢Ò,1.87,¢Ò,9999,-,0.12,"¢Ò
",4,Clean,0
5,28-12-2015 00:00,8.03,¢Ò,9.2,¢Ò,1.86,¢Ò,9999,-,0.12,"¢Ò
",4,Clean,0
5,28-12-2015 04:00,8.04,¢Ò,9.2,¢Ò,1.69,¢Ò,9999,-,0.13,"¢Ò
",4,Clean,0
5,28-12-2015 08:00,8.05,¢Ò,9.1,¢Ò,1.69,¢Ò,9999,-,0.14,"¢Ò
",4,Clean,0
5,28-12-2015 14:00,8.06,¢Ò,9,¢Ò,1.69,¢Ò,9999,-,0.15,"¢Ò
",4,Clean,0
5,28-12-2015 16:00,8.06,¢Ò,9.2,¢Ò,1.92,¢Ò,9999,-,0.18,"¢Ú
",5,Clean,0
5,28-12-2015 20:00,8.03,¢Ò,9.1,¢Ò,2.01,¢Ú,9999,-,0.15,"¢Ò
",5,Clean,0
5,29-12-2015 00:00,8.02,¢Ò,9.2,¢Ò,1.77,¢Ò,9999,-,0.14,"¢Ò
",4,Clean,0
5,29-12-2015 04:00,8.03,¢Ò,9.15,¢Ò,1.82,¢Ò,9999,-,0.14,"¢Ò
",4,Clean,0
5,29-12-2015 08:00,8.03,¢Ò,9.16,¢Ò,1.73,¢Ò,9999,-,0.15,"¢Ò
",4,Clean,0
5,29-12-2015 12:00,8.04,¢Ò,9.1,¢Ò,1.79,¢Ò,9999,-,0.15,"¢Ò
",4,Clean,0
5,30-12-2015 04:00,8.01,¢Ò,9.09,¢Ò,1.88,¢Ò,9999,-,0.08,"¢Ò
",4,Clean,0
5,30-12-2015 08:00,8.04,¢Ò,9.1,¢Ò,1.77,¢Ò,9999,-,0.12,"¢Ò
",4,Clean,0
5,30-12-2015 12:00,8.05,¢Ò,9,¢Ò,1.81,¢Ò,9999,-,0.14,"¢Ò
",4,Clean,0
5,30-12-2015 16:00,8.06,¢Ò,9.2,¢Ò,1.75,¢Ò,9999,-,0.13,"¢Ò
",4,Clean,0
5,30-12-2015 20:00,8.05,¢Ò,9.1,¢Ò,1.77,¢Ò,9999,-,0.16,"¢Ú
",5,Clean,0
5,31-12-2015 00:00,8.03,¢Ò,9.1,¢Ò,1.68,¢Ò,9999,-,0.14,"¢Ò
",4,Clean,0
5,31-12-2015 04:00,8.04,¢Ò,9.1,¢Ò,1.77,¢Ò,9999,-,0.07,"¢Ò
",4,Clean,0
5,31-12-2015 08:00,8.05,¢Ò,9.1,¢Ò,1.71,¢Ò,9999,-,0.16,"¢Ú
",5,Clean,0
5,31-12-2015 12:00,8.06,¢Ò,9,¢Ò,1.69,¢Ò,9999,-,0.14,"¢Ò
",4,Clean,0
5,31-12-2015 16:00,8.08,¢Ò,9,¢Ò,1.81,¢Ò,9999,-,0.16,"¢Ú
",5,Clean,0
5,31-12-2015 20:00,8.06,¢Ò,9.3,¢Ò,1.88,¢Ò,9999,-,0.12,"¢Ò
",4,Clean,0
8,01-12-2015 04:00,7.42,¢Ò,8.38,¢Ò,2.18,¢Ú,9999,-,0.61,"¢Û
",7,Clean,0
8,01-12-2015 08:00,7.41,¢Ò,8.29,¢Ò,1.69,¢Ò,9999,-,0.59,"¢Û
",6,Clean,0
8,01-12-2015 12:00,7.42,¢Ò,8.29,¢Ò,2.06,¢Ú,9999,-,0.57,"¢Û
",7,Clean,0
8,01-12-2015 16:00,7.42,¢Ò,8.42,¢Ò,1.89,¢Ò,9999,-,0.57,"¢Û
",6,Clean,0
8,01-12-2015 20:00,7.42,¢Ò,8.22,¢Ò,1.7,¢Ò,9999,-,0.57,"¢Û
",6,Clean,0
8,02-12-2015 00:00,7.42,¢Ò,7.85,¢Ò,1.81,¢Ò,9999,-,0.58,"¢Û
",6,Clean,0
8,02-12-2015 04:00,7.42,¢Ò,8.19,¢Ò,1.89,¢Ò,9999,-,0.59,"¢Û
",6,Clean,0
8,02-12-2015 08:00,7.4,¢Ò,8.02,¢Ò,1.95,¢Ò,9999,-,0.59,"¢Û
",6,Clean,0
8,02-12-2015 12:00,7.37,¢Ò,7.99,¢Ò,1.7,¢Ò,9999,-,0.56,"¢Û
",6,Clean,0
8,02-12-2015 16:00,7.37,¢Ò,8.19,¢Ò,2.57,¢Ú,9999,-,0.58,"¢Û
",7,Clean,0
8,02-12-2015 20:00,7.38,¢Ò,8.35,¢Ò,1.65,¢Ò,9999,-,0.56,"¢Û
",6,Clean,0
8,03-12-2015 00:00,7.39,¢Ò,8.45,¢Ò,1.73,¢Ò,9999,-,0.56,"¢Û
",6,Clean,0
8,03-12-2015 04:00,7.41,¢Ò,8.62,¢Ò,1.73,¢Ò,9999,-,0.55,"¢Û
",6,Clean,0
8,03-12-2015 08:00,7.38,¢Ò,8.42,¢Ò,2.85,¢Ú,9999,-,0.54,"¢Û
",7,Clean,0
8,03-12-2015 12:00,7.41,¢Ò,8.35,¢Ò,1.66,¢Ò,9999,-,0.62,"¢Û
",6,Clean,0
8,03-12-2015 16:00,7.42,¢Ò,8.38,¢Ò,2.11,¢Ú,9999,-,0.57,"¢Û
",7,Clean,0
8,03-12-2015 20:00,7.45,¢Ò,8.79,¢Ò,2.06,¢Ú,9999,-,0.51,"¢Û
",7,Clean,0
8,04-12-2015 00:00,7.54,¢Ò,9.11,¢Ò,2.23,¢Ú,9999,-,0.46,"¢Ú
",6,Clean,0
8,04-12-2015 04:00,7.61,¢Ò,9.89,¢Ò,2.22,¢Ú,9999,-,0.38,"¢Ú
",6,Clean,0
8,04-12-2015 08:00,7.65,¢Ò,9.9,¢Ò,7.76,¢Ù,9999,-,0.4,"¢Ú
",8,Clean,0
8,04-12-2015 12:00,7.64,¢Ò,9.4,¢Ò,3.21,¢Ú,9999,-,0.38,"¢Ú
",6,Clean,0
8,04-12-2015 16:00,7.64,¢Ò,9.57,¢Ò,6.22,¢Ù,9999,-,0.37,"¢Ú
",8,Clean,0
8,04-12-2015 20:00,7.63,¢Ò,9.86,¢Ò,2.55,¢Ú,9999,-,0.41,"¢Ú
",6,Clean,0
8,05-12-2015 00:00,7.63,¢Ò,9.9,¢Ò,2.67,¢Ú,9999,-,0.39,"¢Ú
",6,Clean,0
8,05-12-2015 04:00,7.65,¢Ò,9.87,¢Ò,2.55,¢Ú,9999,-,0.42,"¢Ú
",6,Clean,0
8,05-12-2015 08:00,7.62,¢Ò,9.56,¢Ò,2.55,¢Ú,9999,-,0.46,"¢Ú
",6,Clean,0
8,05-12-2015 12:00,7.55,¢Ò,9.11,¢Ò,2.55,¢Ú,9999,-,0.5,"¢Ú
",6,Clean,0
8,05-12-2015 16:00,7.47,¢Ò,8.63,¢Ò,5.01,¢Û,9999,-,0.6,"¢Û
",8,Clean,0
8,05-12-2015 20:00,7.56,¢Ò,9.32,¢Ò,2.34,¢Ú,9999,-,0.46,"¢Ú
",6,Clean,0
8,06-12-2015 00:00,7.59,¢Ò,9.87,¢Ò,2.34,¢Ú,9999,-,0.44,"¢Ú
",6,Clean,0
8,06-12-2015 04:00,7.59,¢Ò,9.67,¢Ò,2.65,¢Ú,9999,-,0.48,"¢Ú
",6,Clean,0
8,06-12-2015 08:00,7.55,¢Ò,9.43,¢Ò,2.65,¢Ú,9999,-,0.5,"¢Ú
",6,Clean,0
8,06-12-2015 12:00,7.48,¢Ò,8.74,¢Ò,2.65,¢Ú,9999,-,0.58,"¢Û
",7,Clean,0
8,06-12-2015 16:00,7.45,¢Ò,8.46,¢Ò,2.65,¢Ú,9999,-,0.61,"¢Û
",7,Clean,0
8,06-12-2015 20:00,7.46,¢Ò,8.64,¢Ò,2.65,¢Ú,9999,-,0.67,"¢Û
",7,Clean,0
8,07-12-2015 00:00,7.46,¢Ò,8.75,¢Ò,2.65,¢Ú,9999,-,0.64,"¢Û
",7,Clean,0
8,07-12-2015 04:00,7.45,¢Ò,8.88,¢Ò,2.18,¢Ú,9999,-,0.61,"¢Û
",7,Clean,0
8,07-12-2015 08:00,7.44,¢Ò,8.94,¢Ò,2.18,¢Ú,9999,-,0.57,"¢Û
",7,Clean,0
8,07-12-2015 12:00,7.42,¢Ò,7.96,¢Ò,2.18,¢Ú,9999,-,0.6,"¢Û
",7,Clean,0
8,07-12-2015 16:00,7.4,¢Ò,7.77,¢Ò,2.18,¢Ú,9999,-,0.62,"¢Û
",7,Clean,0
8,07-12-2015 20:00,7.39,¢Ò,7.69,¢Ò,2.18,¢Ú,9999,-,0.59,"¢Û
",7,Clean,0
8,08-12-2015 00:00,7.39,¢Ò,7.76,¢Ò,2.18,¢Ú,9999,-,0.6,"¢Û
",7,Clean,0
8,08-12-2015 04:00,7.39,¢Ò,7.77,¢Ò,2.91,¢Ú,9999,-,0.6,"¢Û
",7,Clean,0
8,08-12-2015 08:00,7.36,¢Ò,7.8,¢Ò,2.59,¢Ú,9999,-,0.53,"¢Û
",7,Clean,0
8,08-12-2015 12:00,7.35,¢Ò,7.94,¢Ò,2.59,¢Ú,9999,-,0.53,"¢Û
",7,Clean,0
8,08-12-2015 16:00,7.35,¢Ò,7.98,¢Ò,2.59,¢Ú,9999,-,0.54,"¢Û
",7,Clean,0
8,08-12-2015 20:00,7.35,¢Ò,7.84,¢Ò,2.59,¢Ú,9999,-,0.56,"¢Û
",7,Clean,0
8,09-12-2015 00:00,7.36,¢Ò,7.95,¢Ò,2.59,¢Ú,9999,-,0.55,"¢Û
",7,Clean,0
8,09-12-2015 04:00,7.36,¢Ò,7.91,¢Ò,2.59,¢Ú,9999,-,0.55,"¢Û
",7,Clean,0
8,09-12-2015 08:00,7.37,¢Ò,7.9,¢Ò,2.59,¢Ú,9999,-,0.55,"¢Û
",7,Clean,0
8,09-12-2015 12:00,7.35,¢Ò,7.88,¢Ò,2.59,¢Ú,9999,-,0.57,"¢Û
",7,Clean,0
8,09-12-2015 16:00,7.34,¢Ò,7.86,¢Ò,2.59,¢Ú,9999,-,0.53,"¢Û
",7,Clean,0
8,09-12-2015 20:00,7.33,¢Ò,7.79,¢Ò,2.04,¢Ú,9999,-,0.54,"¢Û
",7,Clean,0
8,10-12-2015 00:00,7.31,¢Ò,7.77,¢Ò,7.16,¢Ù,9999,-,0.55,"¢Û
",9,Clean,0
8,10-12-2015 04:00,7.29,¢Ò,7.64,¢Ò,2.53,¢Ú,9999,-,0.55,"¢Û
",7,Clean,0
8,10-12-2015 08:00,7.3,¢Ò,7.62,¢Ò,2.53,¢Ú,9999,-,0.55,"¢Û
",7,Clean,0
8,10-12-2015 12:00,7.33,¢Ò,7.64,¢Ò,2.53,¢Ú,9999,-,0.56,"¢Û
",7,Clean,0
8,10-12-2015 16:00,7.34,¢Ò,7.67,¢Ò,2.53,¢Ú,9999,-,0.59,"¢Û
",7,Clean,0
8,10-12-2015 20:00,7.33,¢Ò,7.6,¢Ò,2.53,¢Ú,9999,-,0.61,"¢Û
",7,Clean,0
8,11-12-2015 00:00,7.36,¢Ò,7.63,¢Ò,1.86,¢Ò,9999,-,0.62,"¢Û
",6,Clean,0
8,11-12-2015 04:00,7.36,¢Ò,7.67,¢Ò,5.28,¢Û,9999,-,0.59,"¢Û
",8,Clean,0
8,11-12-2015 08:00,7.38,¢Ò,7.78,¢Ò,5.28,¢Û,9999,-,0.57,"¢Û
",8,Clean,0
8,11-12-2015 12:00,7.36,¢Ò,7.86,¢Ò,5.28,¢Û,9999,-,0.51,"¢Û
",8,Clean,0
8,11-12-2015 16:00,7.36,¢Ò,7.75,¢Ò,5.28,¢Û,9999,-,0.49,"¢Ú
",7,Clean,0
8,11-12-2015 20:00,7.35,¢Ò,7.71,¢Ò,5.28,¢Û,9999,-,0.53,"¢Û
",8,Clean,0
8,12-12-2015 00:00,7.42,¢Ò,7.7,¢Ò,5.28,¢Û,9999,-,0.52,"¢Û
",8,Clean,0
8,12-12-2015 04:00,7.41,¢Ò,7.72,¢Ò,5.28,¢Û,9999,-,0.52,"¢Û
",8,Clean,0
8,12-12-2015 08:00,7.37,¢Ò,7.68,¢Ò,5.28,¢Û,9999,-,0.48,"¢Ú
",7,Clean,0
8,12-12-2015 12:00,7.37,¢Ò,7.81,¢Ò,5.28,¢Û,9999,-,0.54,"¢Û
",8,Clean,0
8,12-12-2015 16:00,7.36,¢Ò,7.78,¢Ò,5.28,¢Û,9999,-,0.55,"¢Û
",8,Clean,0
8,12-12-2015 20:00,7.35,¢Ò,7.64,¢Ò,5.28,¢Û,9999,-,0.59,"¢Û
",8,Clean,0
8,13-12-2015 00:00,7.36,¢Ò,7.51,¢Ò,5.28,¢Û,9999,-,0.62,"¢Û
",8,Clean,0
8,13-12-2015 04:00,7.34,¢Ò,7.31,¢Ú,5.28,¢Û,9999,-,0.63,"¢Û
",9,Clean,0
8,13-12-2015 08:00,7.34,¢Ò,7.24,¢Ú,5.28,¢Û,9999,-,0.61,"¢Û
",9,Clean,0
8,13-12-2015 12:00,7.33,¢Ò,7.25,¢Ú,5.28,¢Û,9999,-,0.6,"¢Û
",9,Clean,0
8,13-12-2015 16:00,7.34,¢Ò,7.16,¢Ú,5.28,¢Û,9999,-,0.6,"¢Û
",9,Clean,0
8,13-12-2015 20:00,7.34,¢Ò,7.16,¢Ú,5.28,¢Û,9999,-,0.63,"¢Û
",9,Clean,0
8,14-12-2015 00:00,7.34,¢Ò,7.18,¢Ú,5.28,¢Û,9999,-,0.63,"¢Û
",9,Clean,0
8,14-12-2015 04:00,7.34,¢Ò,7.15,¢Ú,5.28,¢Û,9999,-,0.6,"¢Û
",9,Clean,0
8,14-12-2015 08:00,7.35,¢Ò,7.15,¢Ú,5.28,¢Û,9999,-,0.56,"¢Û
",9,Clean,0
8,14-12-2015 12:00,7.34,¢Ò,7.2,¢Ú,5.28,¢Û,9999,-,0.54,"¢Û
",9,Clean,0
8,14-12-2015 16:00,7.35,¢Ò,7.21,¢Ú,5.28,¢Û,9999,-,0.57,"¢Û
",9,Clean,0
8,14-12-2015 20:00,7.35,¢Ò,7.11,¢Ú,5.28,¢Û,9999,-,0.58,"¢Û
",9,Clean,0
8,15-12-2015 00:00,7.36,¢Ò,7.12,¢Ú,5.28,¢Û,9999,-,0.6,"¢Û
",9,Clean,0
8,15-12-2015 04:00,7.33,¢Ò,7.21,¢Ú,5.28,¢Û,9999,-,0.59,"¢Û
",9,Clean,0
8,15-12-2015 08:00,7.34,¢Ò,7.17,¢Ú,5.28,¢Û,9999,-,0.6,"¢Û
",9,Clean,0
8,15-12-2015 12:00,7.34,¢Ò,7.26,¢Ú,5.28,¢Û,9999,-,0.52,"¢Û
",9,Clean,0
8,15-12-2015 16:00,7.34,¢Ò,7.33,¢Ú,2.09,¢Ú,9999,-,0.6,"¢Û
",8,Clean,0
8,15-12-2015 20:00,7.34,¢Ò,7.36,¢Ú,2.29,¢Ú,9999,-,0.62,"¢Û
",8,Clean,0
8,16-12-2015 00:00,7.35,¢Ò,7.4,¢Ú,2.38,¢Ú,9999,-,0.62,"¢Û
",8,Clean,0
8,16-12-2015 04:00,7.35,¢Ò,7.17,¢Ú,1.65,¢Ò,9999,-,0.6,"¢Û
",7,Clean,0
8,16-12-2015 09:00,7.54,¢Ò,10.91,¢Ò,1.65,¢Ò,9999,-,0.47,"¢Ú
",5,Clean,0
8,16-12-2015 12:00,7.59,¢Ò,9.06,¢Ò,2.78,¢Ú,9999,-,0.4,"¢Ú
",6,Clean,0
8,16-12-2015 16:00,7.69,¢Ò,9.66,¢Ò,2.78,¢Ú,9999,-,0.47,"¢Ú
",6,Clean,0
8,16-12-2015 20:00,7.77,¢Ò,10.19,¢Ò,4.89,¢Û,9999,-,0.4,"¢Ú
",7,Clean,0
8,17-12-2015 00:00,7.83,¢Ò,10.37,¢Ò,6.03,¢Ù,9999,-,0.38,"¢Ú
",8,Clean,0
8,17-12-2015 04:00,7.87,¢Ò,10.38,¢Ò,7.8,¢Ù,9999,-,0.37,"¢Ú
",8,Clean,0
8,17-12-2015 08:00,7.92,¢Ò,10.58,¢Ò,7.8,¢Ù,9999,-,0.34,"¢Ú
",8,Clean,0
8,17-12-2015 12:00,7.96,¢Ò,10.63,¢Ò,5.41,¢Û,9999,-,0.32,"¢Ú
",7,Clean,0
8,17-12-2015 16:00,7.99,¢Ò,10.7,¢Ò,5.41,¢Û,9999,-,0.32,"¢Ú
",7,Clean,0
8,17-12-2015 20:00,7.97,¢Ò,10.74,¢Ò,7.01,¢Ù,9999,-,0.34,"¢Ú
",8,Clean,0
8,18-12-2015 00:00,7.97,¢Ò,10.74,¢Ò,7.01,¢Ù,9999,-,0.3,"¢Ú
",8,Clean,0
8,18-12-2015 04:00,7.96,¢Ò,10.74,¢Ò,2.95,¢Ú,9999,-,0.34,"¢Ú
",6,Clean,0
8,18-12-2015 08:00,7.96,¢Ò,10.72,¢Ò,2.95,¢Ú,9999,-,0.31,"¢Ú
",6,Clean,0
8,18-12-2015 12:00,7.97,¢Ò,10.86,¢Ò,2.95,¢Ú,9999,-,0.36,"¢Ú
",6,Clean,0
8,18-12-2015 16:00,7.98,¢Ò,10.71,¢Ò,2.74,¢Ú,9999,-,0.33,"¢Ú
",6,Clean,0
8,18-12-2015 20:00,7.96,¢Ò,10.69,¢Ò,2.8,¢Ú,9999,-,0.34,"¢Ú
",6,Clean,0
8,19-12-2015 00:00,7.92,¢Ò,10.66,¢Ò,2.98,¢Ú,9999,-,0.4,"¢Ú
",6,Clean,0
8,19-12-2015 04:00,7.91,¢Ò,10.66,¢Ò,3.13,¢Ú,9999,-,0.38,"¢Ú
",6,Clean,0
8,19-12-2015 08:00,7.9,¢Ò,10.65,¢Ò,3.13,¢Ú,9999,-,0.35,"¢Ú
",6,Clean,0
8,19-12-2015 12:00,7.94,¢Ò,10.84,¢Ò,2.98,¢Ú,9999,-,0.34,"¢Ú
",6,Clean,0
8,19-12-2015 16:00,7.97,¢Ò,10.88,¢Ò,2.98,¢Ú,9999,-,0.3,"¢Ú
",6,Clean,0
8,19-12-2015 20:00,8.01,¢Ò,11,¢Ò,3.23,¢Ú,9999,-,0.33,"¢Ú
",6,Clean,0
8,20-12-2015 00:00,8.02,¢Ò,10.94,¢Ò,3.59,¢Ú,9999,-,0.31,"¢Ú
",6,Clean,0
8,20-12-2015 04:00,8.01,¢Ò,11.01,¢Ò,3.95,¢Ú,9999,-,0.33,"¢Ú
",6,Clean,0
8,20-12-2015 08:00,8.02,¢Ò,11.08,¢Ò,3.42,¢Ú,9999,-,0.32,"¢Ú
",6,Clean,0
8,20-12-2015 12:00,8.03,¢Ò,11.08,¢Ò,6.97,¢Ù,9999,-,0.33,"¢Ú
",8,Clean,0
8,20-12-2015 16:00,8.01,¢Ò,11.05,¢Ò,3.21,¢Ú,9999,-,0.32,"¢Ú
",6,Clean,0
8,20-12-2015 20:00,8.01,¢Ò,10.98,¢Ò,3.43,¢Ú,9999,-,0.32,"¢Ú
",6,Clean,0
8,21-12-2015 00:00,7.99,¢Ò,10.92,¢Ò,3.6,¢Ú,9999,-,0.34,"¢Ú
",6,Clean,0
8,21-12-2015 04:00,7.97,¢Ò,10.88,¢Ò,3.37,¢Ú,9999,-,0.32,"¢Ú
",6,Clean,0
8,21-12-2015 08:00,7.96,¢Ò,10.88,¢Ò,3.37,¢Ú,9999,-,0.34,"¢Ú
",6,Clean,0
8,21-12-2015 12:00,7.96,¢Ò,10.95,¢Ò,3.45,¢Ú,9999,-,0.31,"¢Ú
",6,Clean,0
8,21-12-2015 16:00,7.96,¢Ò,10.85,¢Ò,3.26,¢Ú,9999,-,0.35,"¢Ú
",6,Clean,0
8,21-12-2015 20:00,7.94,¢Ò,10.8,¢Ò,3.32,¢Ú,9999,-,0.31,"¢Ú
",6,Clean,0
8,22-12-2015 00:00,7.97,¢Ò,10.77,¢Ò,3.39,¢Ú,9999,-,0.32,"¢Ú
",6,Clean,0
8,22-12-2015 04:00,7.95,¢Ò,10.75,¢Ò,3.66,¢Ú,9999,-,0.32,"¢Ú
",6,Clean,0
8,22-12-2015 08:00,7.97,¢Ò,10.8,¢Ò,3.22,¢Ú,9999,-,0.33,"¢Ú
",6,Clean,0
8,22-12-2015 13:00,8.08,¢Ò,11.54,¢Ò,4.55,¢Û,9999,-,0.29,"¢Ú
",7,Clean,0
8,22-12-2015 16:00,8.03,¢Ò,11.07,¢Ò,3.31,¢Ú,9999,-,0.28,"¢Ú
",6,Clean,0
8,22-12-2015 20:00,7.99,¢Ò,10.83,¢Ò,3.71,¢Ú,9999,-,0.32,"¢Ú
",6,Clean,0
8,23-12-2015 00:00,7.97,¢Ò,10.82,¢Ò,3.36,¢Ú,9999,-,0.3,"¢Ú
",6,Clean,0
8,23-12-2015 04:00,7.95,¢Ò,10.78,¢Ò,3.64,¢Ú,9999,-,0.34,"¢Ú
",6,Clean,0
8,23-12-2015 08:00,7.96,¢Ò,10.77,¢Ò,3.89,¢Ú,9999,-,0.3,"¢Ú
",6,Clean,0
8,23-12-2015 12:00,7.96,¢Ò,10.87,¢Ò,3.21,¢Ú,9999,-,0.31,"¢Ú
",6,Clean,0
8,23-12-2015 16:00,7.96,¢Ò,10.85,¢Ò,3.2,¢Ú,9999,-,0.34,"¢Ú
",6,Clean,0
8,23-12-2015 20:00,7.95,¢Ò,10.76,¢Ò,2.85,¢Ú,9999,-,0.3,"¢Ú
",6,Clean,0
8,24-12-2015 16:00,7.92,¢Ò,10.71,¢Ò,4.19,¢Û,9999,-,0.32,"¢Ú
",7,Clean,0
8,24-12-2015 20:00,7.93,¢Ò,10.8,¢Ò,4.19,¢Û,9999,-,0.32,"¢Ú
",7,Clean,0
8,25-12-2015 00:00,7.93,¢Ò,10.75,¢Ò,4.19,¢Û,9999,-,0.3,"¢Ú
",7,Clean,0
8,25-12-2015 04:00,7.92,¢Ò,10.69,¢Ò,4.19,¢Û,9999,-,0.33,"¢Ú
",7,Clean,0
8,25-12-2015 08:00,7.92,¢Ò,10.69,¢Ò,4.19,¢Û,9999,-,0.31,"¢Ú
",7,Clean,0
8,25-12-2015 12:00,7.92,¢Ò,10.7,¢Ò,4.19,¢Û,9999,-,0.35,"¢Ú
",7,Clean,0
8,25-12-2015 16:00,7.92,¢Ò,10.67,¢Ò,4.19,¢Û,9999,-,0.3,"¢Ú
",7,Clean,0
8,25-12-2015 20:00,7.78,¢Ò,9.57,¢Ò,4.19,¢Û,9999,-,0.52,"¢Û
",8,Clean,0
8,26-12-2015 00:00,7.57,¢Ò,8.63,¢Ò,4.19,¢Û,9999,-,0.54,"¢Û
",8,Clean,0
8,26-12-2015 04:00,7.55,¢Ò,8.51,¢Ò,4.19,¢Û,9999,-,0.55,"¢Û
",8,Clean,0
8,26-12-2015 08:00,7.54,¢Ò,8.43,¢Ò,4.19,¢Û,9999,-,0.53,"¢Û
",8,Clean,0
8,26-12-2015 12:00,7.51,¢Ò,8.44,¢Ò,4.19,¢Û,9999,-,0.57,"¢Û
",8,Clean,0
8,26-12-2015 16:00,7.52,¢Ò,8.46,¢Ò,4.19,¢Û,9999,-,0.54,"¢Û
",8,Clean,0
8,26-12-2015 20:00,7.53,¢Ò,8.34,¢Ò,4.19,¢Û,9999,-,0.55,"¢Û
",8,Clean,0
8,27-12-2015 00:00,7.53,¢Ò,8.33,¢Ò,4.19,¢Û,9999,-,0.55,"¢Û
",8,Clean,0
8,27-12-2015 04:00,7.52,¢Ò,8.19,¢Ò,4.19,¢Û,9999,-,0.58,"¢Û
",8,Clean,0
8,27-12-2015 08:00,7.53,¢Ò,8.28,¢Ò,4.19,¢Û,9999,-,0.52,"¢Û
",8,Clean,0
8,27-12-2015 12:00,7.53,¢Ò,8.26,¢Ò,4.19,¢Û,9999,-,0.53,"¢Û
",8,Clean,0
8,27-12-2015 16:00,7.57,¢Ò,8.5,¢Ò,4.19,¢Û,9999,-,0.45,"¢Ú
",7,Clean,0
8,27-12-2015 20:00,7.72,¢Ò,9.92,¢Ò,4.19,¢Û,9999,-,0.34,"¢Ú
",7,Clean,0
8,28-12-2015 00:00,7.84,¢Ò,10.54,¢Ò,4.19,¢Û,9999,-,0.31,"¢Ú
",7,Clean,0
8,28-12-2015 04:00,7.88,¢Ò,10.64,¢Ò,4.19,¢Û,9999,-,0.3,"¢Ú
",7,Clean,0
8,28-12-2015 08:00,7.89,¢Ò,10.6,¢Ò,4.19,¢Û,9999,-,0.31,"¢Ú
",7,Clean,0
8,28-12-2015 12:00,7.91,¢Ò,10.62,¢Ò,4.19,¢Û,9999,-,0.33,"¢Ú
",7,Clean,0
8,28-12-2015 16:00,7.91,¢Ò,10.72,¢Ò,5.67,¢Û,9999,-,0.34,"¢Ú
",7,Clean,0
8,28-12-2015 20:00,7.94,¢Ò,10.76,¢Ò,3.56,¢Ú,9999,-,0.34,"¢Ú
",6,Clean,0
8,29-12-2015 00:00,7.89,¢Ò,10.63,¢Ò,5.71,¢Û,9999,-,0.37,"¢Ú
",7,Clean,0
8,29-12-2015 04:00,7.76,¢Ò,9.69,¢Ò,2.4,¢Ú,9999,-,0.55,"¢Û
",7,Clean,0
8,29-12-2015 08:00,7.63,¢Ò,9.05,¢Ò,2.4,¢Ú,9999,-,0.57,"¢Û
",7,Clean,0
8,29-12-2015 12:00,7.58,¢Ò,8.47,¢Ò,3.07,¢Ú,9999,-,0.69,"¢Û
",7,Clean,0
8,30-12-2015 04:00,7.47,¢Ò,7.15,¢Ú,2.19,¢Ú,9999,-,0.71,"¢Û
",8,Clean,0
8,30-12-2015 08:00,7.46,¢Ò,7.12,¢Ú,2.8,¢Ú,9999,-,0.64,"¢Û
",8,Clean,0
8,30-12-2015 12:00,7.5,¢Ò,7.34,¢Ú,3.52,¢Ú,9999,-,0.8,"¢Û
",8,Clean,0
8,30-12-2015 16:00,7.58,¢Ò,7.99,¢Ò,3.24,¢Ú,9999,-,0.48,"¢Ú
",6,Clean,0
8,30-12-2015 20:00,7.66,¢Ò,8.8,¢Ò,3.11,¢Ú,9999,-,0.54,"¢Û
",7,Clean,0
8,31-12-2015 00:00,7.77,¢Ò,9.63,¢Ò,2.58,¢Ú,9999,-,0.25,"¢Ú
",6,Clean,0
8,31-12-2015 04:00,7.84,¢Ò,9.94,¢Ò,2.82,¢Ú,9999,-,0.55,"¢Û
",7,Clean,0
8,31-12-2015 08:00,7.93,¢Ò,10.43,¢Ò,6.51,¢Ù,9999,-,0.58,"¢Û
",9,Clean,0
8,31-12-2015 12:00,7.94,¢Ò,10.5,¢Ò,3.85,¢Ú,9999,-,0.29,"¢Ú
",6,Clean,0
8,31-12-2015 16:00,7.98,¢Ò,10.57,¢Ò,4.17,¢Û,9999,-,2.95,"¡”¢ı
",15,Polluted,1
8,31-12-2015 20:00,7.99,¢Ò,10.58,¢Ò,3.92,¢Ú,9999,-,2.98,"¡”¢ı
",14,Polluted,1
12,01-12-2015 04:00,8.54,¢Ò,8.89,¢Ò,1.92,¢Ò,9999,-,0.23,"¢Ú
",5,Clean,0
12,01-12-2015 08:00,8.54,¢Ò,8.78,¢Ò,1.4,¢Ò,9999,-,0.37,"¢Ú
",5,Clean,0
12,01-12-2015 11:00,8.6,¢Ò,9.15,¢Ò,1.82,¢Ò,9999,-,0.24,"¢Ú
",5,Clean,0
12,01-12-2015 16:00,8.81,¢Ò,10.89,¢Ò,1.53,¢Ò,9999,-,0.14,"¢Ò
",4,Clean,0
12,01-12-2015 20:00,8.54,¢Ò,8.72,¢Ò,1.7,¢Ò,9999,-,0.19,"¢Ú
",5,Clean,0
12,02-12-2015 00:00,8.54,¢Ò,8.76,¢Ò,2.01,¢Ú,9999,-,0.17,"¢Ú
",6,Clean,0
12,02-12-2015 04:00,8.53,¢Ò,8.6,¢Ò,1.61,¢Ò,9999,-,0.19,"¢Ú
",5,Clean,0
12,02-12-2015 08:00,8.55,¢Ò,8.74,¢Ò,1.84,¢Ò,9999,-,0.22,"¢Ú
",5,Clean,0
12,02-12-2015 12:00,8.64,¢Ò,9.47,¢Ò,1.09,¢Ò,9999,-,0.21,"¢Ú
",5,Clean,0
12,02-12-2015 16:00,8.7,¢Ò,9.9,¢Ò,1.49,¢Ò,9999,-,0.18,"¢Ú
",5,Clean,0
12,02-12-2015 20:00,8.55,¢Ò,8.66,¢Ò,1.84,¢Ò,9999,-,0.22,"¢Ú
",5,Clean,0
12,03-12-2015 00:00,8.55,¢Ò,8.76,¢Ò,1.62,¢Ò,9999,-,0.29,"¢Ú
",5,Clean,0
12,03-12-2015 04:00,8.52,¢Ò,8.7,¢Ò,1.88,¢Ò,9999,-,0.3,"¢Ú
",5,Clean,0
12,03-12-2015 08:00,8.57,¢Ò,8.97,¢Ò,1.36,¢Ò,9999,-,0.23,"¢Ú
",5,Clean,0
12,03-12-2015 12:00,8.72,¢Ò,10.13,¢Ò,1.71,¢Ò,9999,-,0.26,"¢Ú
",5,Clean,0
12,03-12-2015 16:00,8.69,¢Ò,9.83,¢Ò,1.65,¢Ò,9999,-,0.23,"¢Ú
",5,Clean,0
12,03-12-2015 20:00,8.57,¢Ò,9.22,¢Ò,2.18,¢Ú,9999,-,0.26,"¢Ú
",6,Clean,0
12,04-12-2015 00:00,8.56,¢Ò,9.14,¢Ò,1.91,¢Ò,9999,-,0.23,"¢Ú
",5,Clean,0
12,04-12-2015 04:00,8.56,¢Ò,8.85,¢Ò,2.09,¢Ú,9999,-,0.26,"¢Ú
",6,Clean,0
12,04-12-2015 08:00,8.57,¢Ò,9.1,¢Ò,2.23,¢Ú,9999,-,0.25,"¢Ú
",6,Clean,0
12,04-12-2015 12:00,8.7,¢Ò,9.91,¢Ò,1.53,¢Ò,9999,-,0.25,"¢Ú
",5,Clean,0
12,04-12-2015 16:00,8.78,¢Ò,10.83,¢Ò,1.46,¢Ò,9999,-,0.27,"¢Ú
",5,Clean,0
12,04-12-2015 20:00,8.56,¢Ò,8.76,¢Ò,2.18,¢Ú,9999,-,0.06,"¢Ò
",5,Clean,0
12,05-12-2015 00:00,8.55,¢Ò,8.57,¢Ò,1.88,¢Ò,9999,-,0.21,"¢Ú
",5,Clean,0
12,05-12-2015 04:00,8.55,¢Ò,8.95,¢Ò,1.67,¢Ò,9999,-,0.17,"¢Ú
",5,Clean,0
12,05-12-2015 08:00,8.56,¢Ò,8.93,¢Ò,1.79,¢Ò,9999,-,0.21,"¢Ú
",5,Clean,0
12,05-12-2015 12:00,8.62,¢Ò,9.14,¢Ò,1.61,¢Ò,9999,-,0.18,"¢Ú
",5,Clean,0
12,05-12-2015 16:00,8.81,¢Ò,10.82,¢Ò,1.83,¢Ò,9999,-,0.21,"¢Ú
",5,Clean,0
12,05-12-2015 20:00,8.56,¢Ò,8.96,¢Ò,2.07,¢Ú,9999,-,0.19,"¢Ú
",6,Clean,0
12,06-12-2015 00:00,8.55,¢Ò,8.99,¢Ò,1.72,¢Ò,9999,-,0.2,"¢Ú
",5,Clean,0
12,06-12-2015 04:00,8.55,¢Ò,9.12,¢Ò,1.6,¢Ò,9999,-,0.19,"¢Ú
",5,Clean,0
12,06-12-2015 08:00,8.57,¢Ò,9.1,¢Ò,1.39,¢Ò,9999,-,0.22,"¢Ú
",5,Clean,0
12,06-12-2015 12:00,8.74,¢Ò,10.5,¢Ò,1.52,¢Ò,9999,-,0.17,"¢Ú
",5,Clean,0
12,06-12-2015 16:00,8.7,¢Ò,10.19,¢Ò,1.58,¢Ò,9999,-,0.26,"¢Ú
",5,Clean,0
12,06-12-2015 20:00,8.56,¢Ò,8.93,¢Ò,2.15,¢Ú,9999,-,0.17,"¢Ú
",6,Clean,0
12,07-12-2015 00:00,8.57,¢Ò,9,¢Ò,1.48,¢Ò,9999,-,0.21,"¢Ú
",5,Clean,0
12,07-12-2015 04:00,8.56,¢Ò,9.09,¢Ò,1.8,¢Ò,9999,-,0.16,"¢Ú
",5,Clean,0
12,07-12-2015 08:00,8.57,¢Ò,9.14,¢Ò,1.69,¢Ò,9999,-,0.22,"¢Ú
",5,Clean,0
12,07-12-2015 12:00,8.63,¢Ò,9.5,¢Ò,1.74,¢Ò,9999,-,0.19,"¢Ú
",5,Clean,0
12,07-12-2015 16:00,8.67,¢Ò,10.54,¢Ò,1.53,¢Ò,9999,-,0.27,"¢Ú
",5,Clean,0
12,07-12-2015 20:00,8.59,¢Ò,9.37,¢Ò,1.6,¢Ò,9999,-,0.3,"¢Ú
",5,Clean,0
12,08-12-2015 00:00,8.58,¢Ò,9.38,¢Ò,2.04,¢Ú,9999,-,0.29,"¢Ú
",6,Clean,0
12,08-12-2015 04:00,8.57,¢Ò,9.33,¢Ò,2.01,¢Ú,9999,-,0.27,"¢Ú
",6,Clean,0
12,08-12-2015 08:00,8.59,¢Ò,8.89,¢Ò,1.52,¢Ò,9999,-,0.28,"¢Ú
",5,Clean,0
12,08-12-2015 12:00,8.66,¢Ò,9.8,¢Ò,1.75,¢Ò,9999,-,0.29,"¢Ú
",5,Clean,0
12,08-12-2015 16:00,8.64,¢Ò,9.66,¢Ò,1.6,¢Ò,9999,-,0.28,"¢Ú
",5,Clean,0
12,08-12-2015 20:00,8.59,¢Ò,9.26,¢Ò,1.76,¢Ò,9999,-,0.26,"¢Ú
",5,Clean,0
12,09-12-2015 00:00,8.58,¢Ò,9.11,¢Ò,1.65,¢Ò,9999,-,0.3,"¢Ú
",5,Clean,0
12,09-12-2015 04:00,8.58,¢Ò,9.18,¢Ò,1.76,¢Ò,9999,-,0.28,"¢Ú
",5,Clean,0
12,09-12-2015 08:00,8.57,¢Ò,9.21,¢Ò,1.6,¢Ò,9999,-,0.31,"¢Ú
",5,Clean,0
12,09-12-2015 12:00,8.62,¢Ò,9.55,¢Ò,1.79,¢Ò,9999,-,0.23,"¢Ú
",5,Clean,0
12,09-12-2015 16:00,8.69,¢Ò,10.02,¢Ò,2.03,¢Ú,9999,-,0.21,"¢Ú
",6,Clean,0
12,09-12-2015 20:00,8.56,¢Ò,8.97,¢Ò,2.92,¢Ú,9999,-,0.17,"¢Ú
",6,Clean,0
12,10-12-2015 00:00,8.55,¢Ò,8.79,¢Ò,1.71,¢Ò,9999,-,0.33,"¢Ú
",5,Clean,0
12,10-12-2015 04:00,8.54,¢Ò,8.99,¢Ò,1.2,¢Ò,9999,-,0.31,"¢Ú
",5,Clean,0
12,10-12-2015 08:00,8.56,¢Ò,8.77,¢Ò,1.99,¢Ò,9999,-,0.33,"¢Ú
",5,Clean,0
12,10-12-2015 12:00,8.64,¢Ò,9.49,¢Ò,1.24,¢Ò,9999,-,0.29,"¢Ú
",5,Clean,0
12,10-12-2015 16:00,8.77,¢Ò,10.87,¢Ò,1.37,¢Ò,9999,-,0.41,"¢Ú
",5,Clean,0
12,10-12-2015 20:00,8.55,¢Ò,9,¢Ò,1.27,¢Ò,9999,-,0.31,"¢Ú
",5,Clean,0
12,11-12-2015 00:00,8.56,¢Ò,9.39,¢Ò,1.2,¢Ò,9999,-,0.3,"¢Ú
",5,Clean,0
12,11-12-2015 04:00,8.55,¢Ò,9.1,¢Ò,1.26,¢Ò,9999,-,0.33,"¢Ú
",5,Clean,0
12,11-12-2015 08:00,8.57,¢Ò,9.27,¢Ò,1.55,¢Ò,9999,-,0.3,"¢Ú
",5,Clean,0
12,11-12-2015 12:00,8.71,¢Ò,10.42,¢Ò,1.25,¢Ò,9999,-,0.3,"¢Ú
",5,Clean,0
12,11-12-2015 16:00,8.74,¢Ò,10.6,¢Ò,1.41,¢Ò,9999,-,0.31,"¢Ú
",5,Clean,0
12,11-12-2015 20:00,8.58,¢Ò,9.28,¢Ò,1.27,¢Ò,9999,-,0.34,"¢Ú
",5,Clean,0
12,12-12-2015 00:00,8.57,¢Ò,9.56,¢Ò,1.48,¢Ò,9999,-,0.3,"¢Ú
",5,Clean,0
12,12-12-2015 04:00,8.55,¢Ò,9.16,¢Ò,1.57,¢Ò,9999,-,0.31,"¢Ú
",5,Clean,0
12,12-12-2015 08:00,8.58,¢Ò,9.72,¢Ò,1.48,¢Ò,9999,-,0.33,"¢Ú
",5,Clean,0
12,12-12-2015 12:00,8.65,¢Ò,10.13,¢Ò,1.59,¢Ò,9999,-,0.31,"¢Ú
",5,Clean,0
12,12-12-2015 16:00,8.71,¢Ò,10.47,¢Ò,1.64,¢Ò,9999,-,0.31,"¢Ú
",5,Clean,0
12,12-12-2015 20:00,8.58,¢Ò,9.2,¢Ò,1.65,¢Ò,9999,-,0.32,"¢Ú
",5,Clean,0
12,13-12-2015 00:00,8.57,¢Ò,9.41,¢Ò,1.5,¢Ò,9999,-,0.3,"¢Ú
",5,Clean,0
12,13-12-2015 04:00,8.56,¢Ò,9.39,¢Ò,1.57,¢Ò,9999,-,0.32,"¢Ú
",5,Clean,0
12,13-12-2015 08:00,8.56,¢Ò,9.39,¢Ò,1.4,¢Ò,9999,-,0.28,"¢Ú
",5,Clean,0
12,13-12-2015 12:00,8.63,¢Ò,9.8,¢Ò,1.67,¢Ò,9999,-,0.29,"¢Ú
",5,Clean,0
12,13-12-2015 16:00,8.72,¢Ò,10.55,¢Ò,1.47,¢Ò,9999,-,0.32,"¢Ú
",5,Clean,0
12,13-12-2015 20:00,7.8,¢Ò,8.94,¢Ò,1.25,¢Ò,9999,-,0.26,"¢Ú
",5,Clean,0
12,14-12-2015 00:00,7.98,¢Ò,9.21,¢Ò,1.2,¢Ò,9999,-,0.29,"¢Ú
",5,Clean,0
12,14-12-2015 04:00,8.11,¢Ò,9.18,¢Ò,1.6,¢Ò,9999,-,0.37,"¢Ú
",5,Clean,0
12,14-12-2015 08:00,8.24,¢Ò,9.21,¢Ò,1.25,¢Ò,9999,-,0.24,"¢Ú
",5,Clean,0
12,14-12-2015 12:00,8.52,¢Ò,10.76,¢Ò,1.41,¢Ò,9999,-,0.26,"¢Ú
",5,Clean,0
12,14-12-2015 16:00,8.61,¢Ò,10.72,¢Ò,1.22,¢Ò,9999,-,0.26,"¢Ú
",5,Clean,0
12,14-12-2015 20:00,8.53,¢Ò,9.27,¢Ò,1.47,¢Ò,9999,-,0.25,"¢Ú
",5,Clean,0
12,15-12-2015 00:00,8.55,¢Ò,9.34,¢Ò,1.44,¢Ò,9999,-,0.25,"¢Ú
",5,Clean,0
12,15-12-2015 04:00,8.56,¢Ò,9.27,¢Ò,1.47,¢Ò,9999,-,0.28,"¢Ú
",5,Clean,0
12,15-12-2015 08:00,8.6,¢Ò,9.21,¢Ò,1.67,¢Ò,9999,-,0.27,"¢Ú
",5,Clean,0
12,15-12-2015 12:00,8.72,¢Ò,10.3,¢Ò,1.48,¢Ò,9999,-,0.24,"¢Ú
",5,Clean,0
12,15-12-2015 16:00,9,¢Ò,12.42,¢Ò,1.57,¢Ò,9999,-,0.32,"¢Ú
",5,Clean,0
12,15-12-2015 20:00,8.64,¢Ò,9.55,¢Ò,1.34,¢Ò,9999,-,0.35,"¢Ú
",5,Clean,0
12,16-12-2015 00:00,8.59,¢Ò,9.09,¢Ò,1.15,¢Ò,9999,-,0.28,"¢Ú
",5,Clean,0
12,16-12-2015 04:00,8.61,¢Ò,9.69,¢Ò,1.48,¢Ò,9999,-,0.3,"¢Ú
",5,Clean,0
12,16-12-2015 08:00,8.63,¢Ò,9.59,¢Ò,1.4,¢Ò,9999,-,0.29,"¢Ú
",5,Clean,0
12,16-12-2015 12:00,8.87,¢Ò,11.52,¢Ò,1.47,¢Ò,9999,-,0.3,"¢Ú
",5,Clean,0
12,16-12-2015 16:00,8.9,¢Ò,11.92,¢Ò,1.58,¢Ò,9999,-,0.29,"¢Ú
",5,Clean,0
12,16-12-2015 20:00,8.64,¢Ò,9.58,¢Ò,1.56,¢Ò,9999,-,0.32,"¢Ú
",5,Clean,0
12,17-12-2015 00:00,8.63,¢Ò,9.69,¢Ò,1.46,¢Ò,9999,-,0.32,"¢Ú
",5,Clean,0
12,17-12-2015 04:00,8.65,¢Ò,9.52,¢Ò,1.34,¢Ò,9999,-,0.31,"¢Ú
",5,Clean,0
12,17-12-2015 08:00,8.65,¢Ò,9.52,¢Ò,1.55,¢Ò,9999,-,0.33,"¢Ú
",5,Clean,0
12,17-12-2015 12:00,8.81,¢Ò,11.14,¢Ò,1.72,¢Ò,9999,-,0.29,"¢Ú
",5,Clean,0
12,17-12-2015 16:00,8.98,¢Ò,12.54,¢Ò,1.55,¢Ò,9999,-,0.31,"¢Ú
",5,Clean,0
12,17-12-2015 20:00,8.43,¢Ò,9.43,¢Ò,1.32,¢Ò,9999,-,0.3,"¢Ú
",5,Clean,0
12,18-12-2015 00:00,8.52,¢Ò,9.23,¢Ò,1.34,¢Ò,9999,-,0.32,"¢Ú
",5,Clean,0
12,18-12-2015 04:00,8.57,¢Ò,9.29,¢Ò,1.56,¢Ò,9999,-,0.29,"¢Ú
",5,Clean,0
12,18-12-2015 08:00,8.6,¢Ò,9.5,¢Ò,1.48,¢Ò,9999,-,0.32,"¢Ú
",5,Clean,0
12,18-12-2015 12:00,8.79,¢Ò,10.94,¢Ò,1.42,¢Ò,9999,-,0.29,"¢Ú
",5,Clean,0
12,18-12-2015 16:00,8.82,¢Ò,11.13,¢Ò,1.5,¢Ò,9999,-,0.34,"¢Ú
",5,Clean,0
12,18-12-2015 20:00,7.07,¢Ò,9.14,¢Ò,1.38,¢Ò,9999,-,0.41,"¢Ú
",5,Clean,0
12,19-12-2015 00:00,8.32,¢Ò,9.39,¢Ò,1.4,¢Ò,9999,-,0.28,"¢Ú
",5,Clean,0
12,19-12-2015 04:00,8.44,¢Ò,9.47,¢Ò,1.55,¢Ò,9999,-,0.33,"¢Ú
",5,Clean,0
12,19-12-2015 08:00,8.52,¢Ò,9.71,¢Ò,1.81,¢Ò,9999,-,0.32,"¢Ú
",5,Clean,0
12,19-12-2015 12:00,8.65,¢Ò,10.34,¢Ò,1.55,¢Ò,9999,-,0.34,"¢Ú
",5,Clean,0
12,19-12-2015 16:00,8.8,¢Ò,11.36,¢Ò,1.63,¢Ò,9999,-,0.33,"¢Ú
",5,Clean,0
12,19-12-2015 20:00,8.59,¢Ò,9.63,¢Ò,1.57,¢Ò,9999,-,0.25,"¢Ú
",5,Clean,0
12,20-12-2015 00:00,8.59,¢Ò,9.55,¢Ò,1.42,¢Ò,9999,-,0.25,"¢Ú
",5,Clean,0
12,20-12-2015 04:00,8.6,¢Ò,9.66,¢Ò,1.54,¢Ò,9999,-,0.26,"¢Ú
",5,Clean,0
12,20-12-2015 08:00,8.62,¢Ò,9.41,¢Ò,1.65,¢Ò,9999,-,0.25,"¢Ú
",5,Clean,0
12,20-12-2015 12:00,8.73,¢Ò,10.36,¢Ò,1.67,¢Ò,9999,-,0.29,"¢Ú
",5,Clean,0
12,20-12-2015 16:00,8.91,¢Ò,12.16,¢Ò,1.46,¢Ò,9999,-,0.27,"¢Ú
",5,Clean,0
12,20-12-2015 20:00,8.64,¢Ò,9.76,¢Ò,1.56,¢Ò,9999,-,0.29,"¢Ú
",5,Clean,0
12,21-12-2015 00:00,8.63,¢Ò,9.5,¢Ò,1.51,¢Ò,9999,-,0.28,"¢Ú
",5,Clean,0
12,21-12-2015 04:00,8.62,¢Ò,9.79,¢Ò,1.39,¢Ò,9999,-,0.27,"¢Ú
",5,Clean,0
12,21-12-2015 08:00,8.62,¢Ò,9.57,¢Ò,1.7,¢Ò,9999,-,0.37,"¢Ú
",5,Clean,0
12,21-12-2015 12:00,8.85,¢Ò,11.36,¢Ò,1.56,¢Ò,9999,-,0.22,"¢Ú
",5,Clean,0
12,21-12-2015 16:00,8.75,¢Ò,10.54,¢Ò,1.51,¢Ò,9999,-,0.26,"¢Ú
",5,Clean,0
12,21-12-2015 20:00,8.64,¢Ò,9.76,¢Ò,1.75,¢Ò,9999,-,0.24,"¢Ú
",5,Clean,0
12,22-12-2015 00:00,8.64,¢Ò,9.67,¢Ò,1.75,¢Ò,9999,-,0.27,"¢Ú
",5,Clean,0
12,22-12-2015 04:00,8.64,¢Ò,9.78,¢Ò,1.66,¢Ò,9999,-,0.28,"¢Ú
",5,Clean,0
12,22-12-2015 08:00,8.64,¢Ò,9.92,¢Ò,1.89,¢Ò,9999,-,0.26,"¢Ú
",5,Clean,0
12,22-12-2015 12:00,7.37,¢Ò,10.63,¢Ò,1.53,¢Ò,9999,-,0.26,"¢Ú
",5,Clean,0
12,22-12-2015 16:00,7.08,¢Ò,10.83,¢Ò,1.41,¢Ò,9999,-,0.25,"¢Ú
",5,Clean,0
12,22-12-2015 20:00,7.59,¢Ò,9.89,¢Ò,1.39,¢Ò,9999,-,0.26,"¢Ú
",5,Clean,0
12,23-12-2015 00:00,7.83,¢Ò,9.83,¢Ò,1.41,¢Ò,9999,-,0.28,"¢Ú
",5,Clean,0
12,23-12-2015 04:00,7.98,¢Ò,9.9,¢Ò,1.67,¢Ò,9999,-,0.25,"¢Ú
",5,Clean,0
12,23-12-2015 08:00,8.12,¢Ò,9.74,¢Ò,1.54,¢Ò,9999,-,0.25,"¢Ú
",5,Clean,0
12,23-12-2015 12:00,8.24,¢Ò,11.08,¢Ò,1.23,¢Ò,9999,-,0.26,"¢Ú
",5,Clean,0
12,23-12-2015 16:00,8.3,¢Ò,10.84,¢Ò,1.4,¢Ò,9999,-,0.28,"¢Ú
",5,Clean,0
12,23-12-2015 20:00,8.37,¢Ò,9.89,¢Ò,1.3,¢Ò,9999,-,0.29,"¢Ú
",5,Clean,0
12,24-12-2015 16:00,-1,-,11.1,¢Ò,1.55,¢Ò,9999,-,0.3,"¢Ú
",4,Clean,0
12,24-12-2015 20:00,7.32,¢Ò,10.1,¢Ò,1.57,¢Ò,9999,-,0.31,"¢Ú
",5,Clean,0
12,25-12-2015 00:00,7.69,¢Ò,10.26,¢Ò,1.59,¢Ò,9999,-,0.28,"¢Ú
",5,Clean,0
12,25-12-2015 04:00,7.88,¢Ò,9.82,¢Ò,2.02,¢Ú,9999,-,0.29,"¢Ú
",6,Clean,0
12,25-12-2015 08:00,8.02,¢Ò,9.91,¢Ò,2,¢Ò,9999,-,0.28,"¢Ú
",5,Clean,0
12,25-12-2015 12:00,8.48,¢Ò,10.23,¢Ò,1.37,¢Ò,9999,-,0.28,"¢Ú
",5,Clean,0
12,25-12-2015 16:00,8.55,¢Ò,11.27,¢Ò,1.51,¢Ò,9999,-,0.28,"¢Ú
",5,Clean,0
12,25-12-2015 20:00,-1,-,9.8,¢Ò,2.11,¢Ú,9999,-,0.31,"¢Ú
",5,Clean,0
12,26-12-2015 00:00,-1,-,9.71,¢Ò,1.5,¢Ò,9999,-,0.31,"¢Ú
",4,Clean,0
12,26-12-2015 04:00,-1,-,9.8,¢Ò,1.71,¢Ò,9999,-,0.3,"¢Ú
",4,Clean,0
12,26-12-2015 08:00,6.2,¢Ò,9.89,¢Ò,2.07,¢Ú,9999,-,0.27,"¢Ú
",6,Clean,0
12,26-12-2015 12:00,7.02,¢Ò,10.67,¢Ò,1.17,¢Ò,9999,-,0.25,"¢Ú
",5,Clean,0
12,26-12-2015 16:00,7.3,¢Ò,11.82,¢Ò,1.47,¢Ò,9999,-,0.29,"¢Ú
",5,Clean,0
12,26-12-2015 20:00,7.84,¢Ò,9.95,¢Ò,1.56,¢Ò,9999,-,0.29,"¢Ú
",5,Clean,0
12,27-12-2015 00:00,7.9,¢Ò,9.62,¢Ò,-1,-,9999,-,0.3,"¢Ú
",4,Clean,0
12,27-12-2015 04:00,7.99,¢Ò,9.77,¢Ò,1.84,¢Ò,9999,-,0.29,"¢Ú
",5,Clean,0
12,27-12-2015 08:00,8.07,¢Ò,9.98,¢Ò,1.63,¢Ò,9999,-,0.27,"¢Ú
",5,Clean,0
12,27-12-2015 12:00,8.2,¢Ò,10.35,¢Ò,1.63,¢Ò,9999,-,0.31,"¢Ú
",5,Clean,0
12,27-12-2015 16:00,8.27,¢Ò,10.61,¢Ò,1.95,¢Ò,9999,-,0.3,"¢Ú
",5,Clean,0
12,27-12-2015 20:00,8.26,¢Ò,9.93,¢Ò,1.83,¢Ò,9999,-,0.28,"¢Ú
",5,Clean,0
12,28-12-2015 00:00,8.28,¢Ò,9.91,¢Ò,1.7,¢Ò,9999,-,0.29,"¢Ú
",5,Clean,0
12,28-12-2015 04:00,8.31,¢Ò,10.21,¢Ò,2.42,¢Ú,9999,-,0.28,"¢Ú
",6,Clean,0
12,28-12-2015 08:00,8.37,¢Ò,9.9,¢Ò,2.07,¢Ú,9999,-,0.28,"¢Ú
",6,Clean,0
12,28-12-2015 12:00,8.55,¢Ò,11.05,¢Ò,2.07,¢Ú,9999,-,0.31,"¢Ú
",6,Clean,0
12,28-12-2015 16:00,8.55,¢Ò,10.93,¢Ò,1.62,¢Ò,9999,-,0.28,"¢Ú
",5,Clean,0
12,28-12-2015 20:00,8.45,¢Ò,10.03,¢Ò,2.03,¢Ú,9999,-,0.3,"¢Ú
",6,Clean,0
12,29-12-2015 00:00,8.47,¢Ò,9.96,¢Ò,1.86,¢Ò,9999,-,0.28,"¢Ú
",5,Clean,0
12,29-12-2015 04:00,8.49,¢Ò,9.89,¢Ò,2,¢Ò,9999,-,0.3,"¢Ú
",5,Clean,0
12,29-12-2015 08:00,8.5,¢Ò,9.97,¢Ò,1.59,¢Ò,9999,-,0.3,"¢Ú
",5,Clean,0
12,29-12-2015 12:00,8.67,¢Ò,11,¢Ò,1.57,¢Ò,9999,-,0.28,"¢Ú
",5,Clean,0
12,30-12-2015 04:00,8.56,¢Ò,10.07,¢Ò,1.85,¢Ò,9999,-,0.32,"¢Ú
",5,Clean,0
12,30-12-2015 08:00,8.56,¢Ò,9.99,¢Ò,1.14,¢Ò,9999,-,0.31,"¢Ú
",5,Clean,0
12,30-12-2015 12:00,8.74,¢Ò,11.11,¢Ò,1.66,¢Ò,9999,-,0.28,"¢Ú
",5,Clean,0
12,30-12-2015 16:00,8.83,¢Ò,11.81,¢Ò,1.83,¢Ò,9999,-,0.28,"¢Ú
",5,Clean,0
12,30-12-2015 20:00,8,¢Ò,10.18,¢Ò,1.62,¢Ò,9999,-,0.32,"¢Ú
",5,Clean,0
12,31-12-2015 00:00,8.25,¢Ò,9.89,¢Ò,1.63,¢Ò,9999,-,0.3,"¢Ú
",5,Clean,0
12,31-12-2015 04:00,8.36,¢Ò,9.97,¢Ò,1.91,¢Ò,9999,-,0.31,"¢Ú
",5,Clean,0
12,31-12-2015 08:00,8.45,¢Ò,10.13,¢Ò,1.71,¢Ò,9999,-,0.3,"¢Ú
",5,Clean,0
12,31-12-2015 12:00,8.56,¢Ò,10.47,¢Ò,2.19,¢Ú,9999,-,0.3,"¢Ú
",6,Clean,0
12,31-12-2015 16:00,8.63,¢Ò,10.69,¢Ò,1.63,¢Ò,9999,-,0.29,"¢Ú
",5,Clean,0
12,31-12-2015 20:00,8.55,¢Ò,10.09,¢Ò,1.54,¢Ò,9999,-,0.31,"¢Ú
",5,Clean,0
14,01-12-2015 04:00,-1,-,9.74,¢Ò,7.01,¢Ù,9999,-,0.32,"¢Ú
",7,Clean,0
14,01-12-2015 08:00,-1,-,9.63,¢Ò,6.9,¢Ù,9999,-,0.32,"¢Ú
",7,Clean,0
14,01-12-2015 12:00,-1,-,10.49,¢Ò,6.7,¢Ù,9999,-,0.34,"¢Ú
",7,Clean,0
14,01-12-2015 16:00,-1,-,9.82,¢Ò,6.8,¢Ù,9999,-,0.3,"¢Ú
",7,Clean,0
14,01-12-2015 20:00,-1,-,10.78,¢Ò,6.7,¢Ù,9999,-,0.34,"¢Ú
",7,Clean,0
14,02-12-2015 00:00,-1,-,11.2,¢Ò,6.9,¢Ù,9999,-,0.35,"¢Ú
",7,Clean,0
14,02-12-2015 04:00,-1,-,9.59,¢Ò,7.2,¢Ù,9999,-,0.36,"¢Ú
",7,Clean,0
14,02-12-2015 08:00,-1,-,9.7,¢Ò,6.8,¢Ù,9999,-,0.29,"¢Ú
",7,Clean,0
14,02-12-2015 12:00,-1,-,10.64,¢Ò,6.8,¢Ù,9999,-,0.37,"¢Ú
",7,Clean,0
14,02-12-2015 16:00,-1,-,9.48,¢Ò,7,¢Ù,9999,-,0.31,"¢Ú
",7,Clean,0
14,02-12-2015 20:00,-1,-,10,¢Ò,8,¢Ù,9999,-,0.35,"¢Ú
",7,Clean,0
14,03-12-2015 00:00,-1,-,9.25,¢Ò,8.7,¢Ù,9999,-,0.33,"¢Ú
",7,Clean,0
14,03-12-2015 04:00,-1,-,8.55,¢Ò,5.2,¢Û,9999,-,0.36,"¢Ú
",6,Clean,0
14,03-12-2015 08:00,-1,-,9.47,¢Ò,5.83,¢Û,9999,-,0.33,"¢Ú
",6,Clean,0
14,03-12-2015 12:00,-1,-,10.16,¢Ò,7.9,¢Ù,9999,-,0.35,"¢Ú
",7,Clean,0
14,03-12-2015 16:00,-1,-,8.91,¢Ò,7.8,¢Ù,9999,-,0.73,"¢Û
",8,Clean,0
14,03-12-2015 20:00,-1,-,9.21,¢Ò,7.4,¢Ù,9999,-,1.19,"¢Ù
",9,Clean,0
14,04-12-2015 00:00,-1,-,10.12,¢Ò,7.2,¢Ù,9999,-,1.16,"¢Ù
",9,Clean,0
14,04-12-2015 04:00,5,¡”¢ı,9.64,¢Ò,7.6,¢Ù,9999,-,1.19,"¢Ù
",19,Polluted,1
14,04-12-2015 08:00,-1,-,8.82,¢Ò,7.9,¢Ù,9999,-,1.15,"¢Ù
",9,Clean,0
14,04-12-2015 12:00,-1,-,9.43,¢Ò,10,¢Ù,9999,-,0.69,"¢Û
",8,Clean,0
14,04-12-2015 16:00,-1,-,9.24,¢Ò,13.1,¢ı,9999,-,0.67,"¢Û
",12,Polluted,1
14,04-12-2015 20:00,-1,-,10.35,¢Ò,11.9,¢ı,9999,-,1.18,"¢Ù
",13,Polluted,1
14,05-12-2015 00:00,-1,-,10.39,¢Ò,10.2,¢ı,9999,-,1.13,"¢Ù
",13,Polluted,1
14,05-12-2015 04:00,-1,-,9.23,¢Ò,10.6,¢ı,9999,-,0.74,"¢Û
",12,Polluted,1
14,05-12-2015 08:00,-1,-,9,¢Ò,11.6,¢ı,9999,-,0.65,"¢Û
",12,Polluted,1
14,05-12-2015 12:00,5.1,¡”¢ı,10.19,¢Ò,11.26,¢ı,9999,-,1.15,"¢Ù
",23,Polluted,1
14,05-12-2015 16:00,-1,-,8.92,¢Ò,13.8,¢ı,9999,-,0.68,"¢Û
",12,Polluted,1
14,05-12-2015 20:00,-1,-,9.59,¢Ò,11.77,¢ı,9999,-,1.19,"¢Ù
",13,Polluted,1
14,06-12-2015 00:00,-1,-,9.51,¢Ò,11,¢ı,9999,-,1.15,"¢Ù
",13,Polluted,1
14,06-12-2015 04:00,-1,-,9.51,¢Ò,11.5,¢ı,9999,-,0.74,"¢Û
",12,Polluted,1
14,06-12-2015 08:00,-1,-,8.78,¢Ò,11.5,¢ı,9999,-,0.7,"¢Û
",12,Polluted,1
14,06-12-2015 12:00,-1,-,9.49,¢Ò,11.4,¢ı,9999,-,1.21,"¢Ù
",13,Polluted,1
14,06-12-2015 16:00,-1,-,8.89,¢Ò,13.1,¢ı,9999,-,0.71,"¢Û
",12,Polluted,1
14,06-12-2015 20:00,-1,-,9.23,¢Ò,10.5,¢ı,9999,-,1.18,"¢Ù
",13,Polluted,1
14,07-12-2015 00:00,-1,-,9.34,¢Ò,10.3,¢ı,9999,-,1.16,"¢Ù
",13,Polluted,1
14,07-12-2015 04:00,-1,-,9.04,¢Ò,11.2,¢ı,9999,-,1.22,"¢Ù
",13,Polluted,1
14,07-12-2015 08:00,-1,-,8.56,¢Ò,10.6,¢ı,9999,-,1.17,"¢Ù
",13,Polluted,1
14,07-12-2015 12:00,6.65,¢Ò,10.05,¢Ò,7.9,¢Ù,9999,-,1.18,"¢Ù
",10,Polluted,1
14,07-12-2015 16:00,-1,-,8.74,¢Ò,8.3,¢Ù,9999,-,0.71,"¢Û
",8,Clean,0
14,07-12-2015 20:00,-1,-,9.37,¢Ò,11.2,¢ı,9999,-,1.19,"¢Ù
",13,Polluted,1
14,08-12-2015 00:00,-1,-,10.44,¢Ò,11.4,¢ı,9999,-,1.16,"¢Ù
",13,Polluted,1
14,08-12-2015 04:00,-1,-,9.99,¢Ò,11.3,¢ı,9999,-,1.2,"¢Ù
",13,Polluted,1
14,08-12-2015 08:00,-1,-,8.17,¢Ò,7.35,¢Ù,9999,-,1.16,"¢Ù
",9,Clean,0
14,08-12-2015 12:00,-1,-,9.32,¢Ò,7.2,¢Ù,9999,-,1.19,"¢Ù
",9,Clean,0
14,08-12-2015 16:00,-1,-,8.64,¢Ò,12.4,¢ı,9999,-,0.74,"¢Û
",12,Polluted,1
14,08-12-2015 20:00,-1,-,9,¢Ò,10.3,¢ı,9999,-,0.72,"¢Û
",12,Polluted,1
14,09-12-2015 00:00,-1,-,9.36,¢Ò,9.7,¢Ù,9999,-,0.69,"¢Û
",8,Clean,0
14,09-12-2015 04:00,-1,-,9.49,¢Ò,9.1,¢Ù,9999,-,1.18,"¢Ù
",9,Clean,0
14,09-12-2015 08:00,-1,-,8.73,¢Ò,9.7,¢Ù,9999,-,0.74,"¢Û
",8,Clean,0
14,09-12-2015 12:00,-1,-,9.57,¢Ò,10,¢Ù,9999,-,1.2,"¢Ù
",9,Clean,0
14,09-12-2015 16:00,-1,-,8.72,¢Ò,10.8,¢ı,9999,-,0.73,"¢Û
",12,Polluted,1
14,09-12-2015 20:00,-1,-,8.98,¢Ò,11.3,¢ı,9999,-,1.22,"¢Ù
",13,Polluted,1
14,10-12-2015 00:00,-1,-,9.09,¢Ò,10.5,¢ı,9999,-,1.19,"¢Ù
",13,Polluted,1
14,10-12-2015 04:00,-1,-,9.02,¢Ò,-1,-,9999,-,1.21,"¢Ù
",5,Clean,0
14,10-12-2015 12:00,-1,-,10.18,¢Ò,-1,-,9999,-,1.19,"¢Ù
",5,Clean,0
14,10-12-2015 16:00,-1,-,8.76,¢Ò,-1,-,9999,-,1.08,"¢Ù
",5,Clean,0
14,10-12-2015 20:00,-1,-,9.47,¢Ò,11.7,¢ı,9999,-,0.68,"¢Û
",12,Polluted,1
14,11-12-2015 00:00,-1,-,9.37,¢Ò,10.9,¢ı,9999,-,1.13,"¢Ù
",13,Polluted,1
14,11-12-2015 04:00,-1,-,9.9,¢Ò,10.1,¢ı,9999,-,1.17,"¢Ù
",13,Polluted,1
14,11-12-2015 08:00,-1,-,8.41,¢Ò,9.7,¢Ù,9999,-,1.11,"¢Ù
",9,Clean,0
14,11-12-2015 12:00,-1,-,9.94,¢Ò,11.6,¢ı,9999,-,1.18,"¢Ù
",13,Polluted,1
14,11-12-2015 16:00,-1,-,10.82,¢Ò,14.1,¢ı,9999,-,0.69,"¢Û
",12,Polluted,1
14,11-12-2015 20:00,-1,-,9.1,¢Ò,13.4,¢ı,9999,-,1.18,"¢Ù
",13,Polluted,1
14,12-12-2015 00:00,-1,-,9.02,¢Ò,11,¢ı,9999,-,0.75,"¢Û
",12,Polluted,1
14,12-12-2015 04:00,-1,-,8.46,¢Ò,10.7,¢ı,9999,-,1.13,"¢Ù
",13,Polluted,1
14,12-12-2015 09:00,-1,-,8.39,¢Ò,11.2,¢ı,9999,-,1.19,"¢Ù
",13,Polluted,1
14,12-12-2015 16:00,-1,-,8.47,¢Ò,13.37,¢ı,9999,-,0.68,"¢Û
",12,Polluted,1
14,13-12-2015 08:00,-1,-,8.38,¢Ò,10.5,¢ı,9999,-,0.69,"¢Û
",12,Polluted,1
14,13-12-2015 13:00,-1,-,5.25,¢Û,10.7,¢ı,9999,-,0.7,"¢Û
",14,Polluted,1
14,13-12-2015 16:00,-1,-,1.2,¡”¢ı,-1,-,9999,-,0.73,"¢Û
",13,Polluted,1
14,13-12-2015 18:00,-1,-,3.57,¢Ù,-1,-,9999,-,1.11,"¢Ù
",8,Clean,0
14,13-12-2015 20:00,-1,-,4.08,¢Ù,-1,-,9999,-,1.18,"¢Ù
",8,Clean,0
14,13-12-2015 22:00,-1,-,4.64,¢Ù,-1,-,9999,-,0.71,"¢Û
",7,Clean,0
14,14-12-2015 00:00,-1,-,4.27,¢Ù,-1,-,9999,-,1.16,"¢Ù
",8,Clean,0
14,14-12-2015 02:00,-1,-,5.18,¢Û,-1,-,9999,-,0.68,"¢Û
",6,Clean,0
14,14-12-2015 04:00,-1,-,5.08,¢Û,-1,-,9999,-,0.68,"¢Û
",6,Clean,0
14,14-12-2015 06:00,-1,-,5.29,¢Û,-1,-,9999,-,0.68,"¢Û
",6,Clean,0
14,14-12-2015 12:00,-1,-,8.63,¢Ò,-1,-,9999,-,1.1,"¢Ù
",5,Clean,0
14,14-12-2015 14:00,5.58,¡”¢ı,7.8,¢Ò,11.7,¢ı,9999,-,0.51,"¢Û
",22,Polluted,1
14,14-12-2015 16:00,-1,-,7.73,¢Ò,11.7,¢ı,9999,-,0.41,"¢Ú
",11,Polluted,1
14,14-12-2015 18:00,-1,-,7.81,¢Ò,11.3,¢ı,9999,-,0.62,"¢Û
",12,Polluted,1
14,14-12-2015 20:00,-1,-,7.62,¢Ò,11.6,¢ı,9999,-,0.69,"¢Û
",12,Polluted,1
14,14-12-2015 22:00,-1,-,7.56,¢Ò,10.7,¢ı,9999,-,0.65,"¢Û
",12,Polluted,1
14,15-12-2015 00:00,-1,-,7.31,¢Ú,2.4,¢Ú,9999,-,0.67,"¢Û
",7,Clean,0
14,15-12-2015 02:00,-1,-,7.01,¢Ú,7.1,¢Ù,9999,-,0.65,"¢Û
",9,Clean,0
14,15-12-2015 04:00,-1,-,6.97,¢Ú,9.5,¢Ù,9999,-,0.66,"¢Û
",9,Clean,0
14,15-12-2015 06:00,-1,-,7.04,¢Ú,-1,-,9999,-,0.64,"¢Û
",5,Clean,0
14,15-12-2015 08:00,-1,-,7.36,¢Ú,-1,-,9999,-,1.29,"¢Ù
",6,Clean,0
14,15-12-2015 10:00,-1,-,7.92,¢Ò,10,¢Ù,9999,-,0.49,"¢Ú
",7,Clean,0
14,15-12-2015 12:00,-1,-,7.91,¢Ò,-1,-,9999,-,0.51,"¢Û
",4,Clean,0
14,15-12-2015 14:00,-1,-,8.02,¢Ò,-1,-,9999,-,0.4,"¢Ú
",3,Clean,0
14,15-12-2015 16:00,-1,-,7.45,¢Ú,10.3,¢ı,9999,-,0.47,"¢Ú
",12,Polluted,1
14,15-12-2015 18:00,-1,-,7.82,¢Ò,11,¢ı,9999,-,0.6,"¢Û
",12,Polluted,1
14,15-12-2015 20:00,-1,-,7.86,¢Ò,10.2,¢ı,9999,-,0.53,"¢Û
",12,Polluted,1
14,15-12-2015 22:00,-1,-,7.7,¢Ò,9.4,¢Ù,9999,-,0.54,"¢Û
",8,Clean,0
14,16-12-2015 00:00,-1,-,7.69,¢Ò,9.4,¢Ù,9999,-,0.69,"¢Û
",8,Clean,0
14,16-12-2015 02:00,-1,-,7.78,¢Ò,1.5,¢Ò,9999,-,0.67,"¢Û
",5,Clean,0
14,16-12-2015 04:00,-1,-,7.59,¢Ò,5.7,¢Û,9999,-,0.67,"¢Û
",7,Clean,0
14,16-12-2015 06:00,-1,-,7.34,¢Ú,1.3,¢Ò,9999,-,0.69,"¢Û
",6,Clean,0
14,16-12-2015 08:00,7.65,¢Ò,8.31,¢Ò,4,¢Ú,9999,-,0.69,"¢Û
",7,Clean,0
14,16-12-2015 12:00,6.86,¢Ò,7.81,¢Ò,11.8,¢ı,9999,-,0.48,"¢Ú
",12,Polluted,1
14,16-12-2015 16:00,6.82,¢Ò,7.2,¢Ú,12.7,¢ı,9999,-,0.39,"¢Ú
",13,Polluted,1
14,16-12-2015 20:00,6.36,¢Ò,8.33,¢Ò,9.9,¢Ù,9999,-,0.54,"¢Û
",9,Clean,0
14,17-12-2015 00:00,6.24,¢Ò,8.32,¢Ò,10,¢Ù,9999,-,0.51,"¢Û
",9,Clean,0
14,17-12-2015 04:00,6.31,¢Ò,8.13,¢Ò,9.9,¢Ù,9999,-,0.52,"¢Û
",9,Clean,0
14,17-12-2015 06:00,6.35,¢Ò,8.12,¢Ò,-1,-,9999,-,0.69,"¢Û
",5,Clean,0
14,17-12-2015 08:00,8.57,¢Ò,7.41,¢Ú,-1,-,9999,-,1.31,"¢Ù
",7,Clean,0
14,17-12-2015 12:00,7.2,¢Ò,8.48,¢Ò,11.1,¢ı,9999,-,0.51,"¢Û
",13,Polluted,1
14,17-12-2015 16:00,5.02,¡”¢ı,7.44,¢Ú,11.4,¢ı,9999,-,0.48,"¢Ú
",22,Polluted,1
14,17-12-2015 20:00,5.36,¡”¢ı,7.81,¢Ò,9.6,¢Ù,9999,-,0.67,"¢Û
",18,Polluted,1
14,18-12-2015 00:00,5.94,¡”¢ı,7.99,¢Ò,9.5,¢Ù,9999,-,0.69,"¢Û
",18,Polluted,1
14,18-12-2015 04:00,6.23,¢Ò,7.9,¢Ò,9.3,¢Ù,9999,-,0.66,"¢Û
",9,Clean,0
14,18-12-2015 06:00,6.33,¢Ò,7.59,¢Ò,9.6,¢Ù,9999,-,0.65,"¢Û
",9,Clean,0
14,18-12-2015 08:00,8.5,¢Ò,7.18,¢Ú,10.3,¢ı,9999,-,0.07,"¢Ò
",12,Polluted,1
14,18-12-2015 12:00,7.09,¢Ò,8.26,¢Ò,5,¢Û,9999,-,0.07,"¢Ò
",6,Clean,0
14,18-12-2015 16:00,5.03,¡”¢ı,7.04,¢Ú,6.2,¢Ù,9999,-,0.07,"¢Ò
",17,Polluted,1
14,18-12-2015 20:00,5.49,¡”¢ı,7.56,¢Ò,5.5,¢Û,9999,-,0.07,"¢Ò
",15,Polluted,1
14,19-12-2015 06:00,6.39,¢Ò,7.27,¢Ú,4.4,¢Û,9999,-,0.07,"¢Ò
",7,Clean,0
14,19-12-2015 08:00,8.69,¢Ò,6.82,¢Ú,4.4,¢Û,9999,-,0.07,"¢Ò
",7,Clean,0
14,19-12-2015 12:00,7.31,¢Ò,7.63,¢Ò,-1,-,9999,-,0.07,"¢Ò
",3,Clean,0
14,19-12-2015 16:00,5.11,¡”¢ı,6.9,¢Ú,-1,-,9999,-,0.07,"¢Ò
",13,Polluted,1
14,19-12-2015 20:00,5.54,¡”¢ı,7.55,¢Ò,-1,-,9999,-,0.07,"¢Ò
",12,Polluted,1
14,20-12-2015 00:00,6.1,¢Ò,7.79,¢Ò,-1,-,9999,-,0.07,"¢Ò
",3,Clean,0
14,20-12-2015 04:00,6.36,¢Ò,7.73,¢Ò,-1,-,9999,-,0.07,"¢Ò
",3,Clean,0
14,20-12-2015 06:00,6.4,¢Ò,7.32,¢Ú,-1,-,9999,-,0.07,"¢Ò
",4,Clean,0
14,20-12-2015 08:00,7,¢Ò,6.74,¢Ú,-1,-,9999,-,0.07,"¢Ò
",4,Clean,0
14,20-12-2015 12:00,6.42,¢Ò,7.44,¢Ú,-1,-,9999,-,0.07,"¢Ò
",4,Clean,0
14,20-12-2015 16:00,6.85,¢Ò,6.77,¢Ú,-1,-,9999,-,0.07,"¢Ò
",4,Clean,0
14,20-12-2015 20:00,6.25,¢Ò,7.43,¢Ú,-1,-,9999,-,0.07,"¢Ò
",4,Clean,0
14,21-12-2015 00:00,6.37,¢Ò,7.15,¢Ú,-1,-,9999,-,0.07,"¢Ò
",4,Clean,0
14,21-12-2015 04:00,6.48,¢Ò,7.17,¢Ú,-1,-,9999,-,0.07,"¢Ò
",4,Clean,0
14,21-12-2015 06:00,6.47,¢Ò,7.1,¢Ú,-1,-,9999,-,0.07,"¢Ò
",4,Clean,0
14,21-12-2015 08:00,7.08,¢Ò,6.81,¢Ú,-1,-,9999,-,0.07,"¢Ò
",4,Clean,0
14,21-12-2015 12:00,6.35,¢Ò,7.56,¢Ò,-1,-,9999,-,0.07,"¢Ò
",3,Clean,0
14,21-12-2015 16:00,6.72,¢Ò,6.79,¢Ú,-1,-,9999,-,0.21,"¢Ú
",5,Clean,0
14,21-12-2015 20:00,6.25,¢Ò,7.38,¢Ú,-1,-,9999,-,0.63,"¢Û
",6,Clean,0
14,22-12-2015 00:00,6.36,¢Ò,7.65,¢Ò,-1,-,9999,-,0.75,"¢Û
",5,Clean,0
14,22-12-2015 04:00,6.43,¢Ò,7.51,¢Ò,-1,-,9999,-,0.8,"¢Û
",5,Clean,0
14,22-12-2015 06:00,6.48,¢Ò,7.33,¢Ú,-1,-,9999,-,0.8,"¢Û
",6,Clean,0
14,22-12-2015 08:00,6.98,¢Ò,6.85,¢Ú,-1,-,9999,-,0.83,"¢Û
",6,Clean,0
14,22-12-2015 12:00,6.44,¢Ò,7.76,¢Ò,-1,-,9999,-,0.75,"¢Û
",5,Clean,0
14,22-12-2015 16:00,-1,-,7.16,¢Ú,-1,-,9999,-,0.5,"¢Ú
",4,Clean,0
14,22-12-2015 20:00,-1,-,7.08,¢Ú,6.9,¢Ù,9999,-,1.67,"¢ı
",14,Polluted,1
14,23-12-2015 00:00,-1,-,6.99,¢Ú,6.1,¢Ù,9999,-,0.66,"¢Û
",9,Clean,0
14,23-12-2015 04:00,-1,-,6.54,¢Ú,6.7,¢Ù,9999,-,0.68,"¢Û
",9,Clean,0
14,23-12-2015 06:00,-1,-,6.51,¢Ú,7.7,¢Ù,9999,-,0.73,"¢Û
",9,Clean,0
14,23-12-2015 08:00,-1,-,6.73,¢Ú,6,¢Û,9999,-,0.8,"¢Û
",8,Clean,0
14,23-12-2015 12:00,-1,-,7.6,¢Ò,6.8,¢Ù,9999,-,0.64,"¢Û
",8,Clean,0
14,23-12-2015 15:00,-1,-,8.98,¢Ò,-1,-,9999,-,0.46,"¢Ú
",3,Clean,0
14,23-12-2015 20:00,7.35,¢Ò,7.1,¢Ú,-1,-,9999,-,0.56,"¢Û
",6,Clean,0
14,24-12-2015 12:00,7.33,¢Ò,7.78,¢Ò,6.86,¢Ù,9999,-,0.73,"¢Û
",9,Clean,0
14,25-12-2015 06:00,7.44,¢Ò,7.61,¢Ò,6,¢Û,9999,-,0.72,"¢Û
",8,Clean,0
14,25-12-2015 08:00,7.21,¢Ò,6.66,¢Ú,5.8,¢Û,9999,-,0.8,"¢Û
",9,Clean,0
14,25-12-2015 12:00,7.28,¢Ò,7.48,¢Ú,6.7,¢Ù,9999,-,0.58,"¢Û
",10,Polluted,1
14,25-12-2015 16:00,7.25,¢Ò,6.71,¢Ú,7,¢Ù,9999,-,0.41,"¢Ú
",9,Clean,0
14,25-12-2015 20:00,7.34,¢Ò,7.4,¢Ú,5.8,¢Û,9999,-,0.51,"¢Û
",9,Clean,0
14,26-12-2015 00:00,7.39,¢Ò,7.69,¢Ò,5.8,¢Û,9999,-,0.65,"¢Û
",8,Clean,0
14,26-12-2015 04:00,7.4,¢Ò,7.78,¢Ò,6,¢Û,9999,-,0.7,"¢Û
",8,Clean,0
14,26-12-2015 06:00,7.43,¢Ò,7.86,¢Ò,6.6,¢Ù,9999,-,0.72,"¢Û
",9,Clean,0
14,26-12-2015 08:00,7.2,¢Ò,6.82,¢Ú,6.3,¢Ù,9999,-,0.77,"¢Û
",10,Polluted,1
14,26-12-2015 12:00,7.34,¢Ò,7.58,¢Ò,6.5,¢Ù,9999,-,0.59,"¢Û
",9,Clean,0
14,26-12-2015 16:00,7.29,¢Ò,6.69,¢Ú,5,¢Û,9999,-,0.44,"¢Ú
",8,Clean,0
14,26-12-2015 20:00,7.33,¢Ò,7.76,¢Ò,6.2,¢Ù,9999,-,0.52,"¢Û
",9,Clean,0
14,27-12-2015 00:00,7.38,¢Ò,7.94,¢Ò,5.5,¢Û,9999,-,0.68,"¢Û
",8,Clean,0
14,27-12-2015 04:00,7.39,¢Ò,7.95,¢Ò,7,¢Ù,9999,-,0.75,"¢Û
",9,Clean,0
14,27-12-2015 06:00,7.41,¢Ò,7.82,¢Ò,6.3,¢Ù,9999,-,0.73,"¢Û
",9,Clean,0
14,27-12-2015 08:00,7.17,¢Ò,6.71,¢Ú,6.4,¢Ù,9999,-,0.81,"¢Û
",10,Polluted,1
14,27-12-2015 12:00,7.27,¢Ò,7.28,¢Ú,7.9,¢Ù,9999,-,0.6,"¢Û
",10,Polluted,1
14,27-12-2015 16:00,7.28,¢Ò,6.9,¢Ú,7.4,¢Ù,9999,-,0.41,"¢Ú
",9,Clean,0
14,27-12-2015 20:00,7.29,¢Ò,7.32,¢Ú,6.1,¢Ù,9999,-,0.57,"¢Û
",10,Polluted,1
14,28-12-2015 00:00,7.35,¢Ò,7.49,¢Ú,5.9,¢Û,9999,-,0.73,"¢Û
",9,Clean,0
14,28-12-2015 04:00,7.36,¢Ò,7.11,¢Ú,5.2,¢Û,9999,-,0.77,"¢Û
",9,Clean,0
14,28-12-2015 06:00,7.41,¢Ò,7.05,¢Ú,6.3,¢Ù,9999,-,0.77,"¢Û
",10,Polluted,1
14,28-12-2015 08:00,7.19,¢Ò,6.82,¢Ú,5.71,¢Û,9999,-,0.86,"¢Û
",9,Clean,0
14,28-12-2015 12:00,7.28,¢Ò,7.61,¢Ò,6.6,¢Ù,9999,-,0.31,"¢Ú
",8,Clean,0
14,28-12-2015 16:00,7.25,¢Ò,6.9,¢Ú,6.1,¢Ù,9999,-,0.36,"¢Ú
",9,Clean,0
14,28-12-2015 20:00,7.27,¢Ò,7.43,¢Ú,6.4,¢Ù,9999,-,0.62,"¢Û
",10,Polluted,1
14,29-12-2015 00:00,7.43,¢Ò,7.19,¢Ú,6.4,¢Ù,9999,-,0.63,"¢Û
",10,Polluted,1
14,29-12-2015 06:00,7.4,¢Ò,6.81,¢Ú,5.82,¢Û,9999,-,0.66,"¢Û
",9,Clean,0
14,29-12-2015 08:00,7.18,¢Ò,6.68,¢Ú,5.4,¢Û,9999,-,0.5,"¢Ú
",8,Clean,0
14,29-12-2015 12:00,7.28,¢Ò,7.46,¢Ú,6.69,¢Ù,9999,-,0.28,"¢Ú
",9,Clean,0
14,30-12-2015 06:00,7.37,¢Ò,7.57,¢Ò,5.89,¢Û,9999,-,0.61,"¢Û
",8,Clean,0
14,30-12-2015 08:00,7.16,¢Ò,6.51,¢Ú,5.32,¢Û,9999,-,0.5,"¢Ú
",8,Clean,0
14,30-12-2015 12:00,7.22,¢Ò,7.21,¢Ú,5.93,¢Û,9999,-,0.3,"¢Ú
",8,Clean,0
14,30-12-2015 16:00,7.2,¢Ò,6.79,¢Ú,6,¢Û,9999,-,0.58,"¢Û
",9,Clean,0
14,30-12-2015 20:00,7.21,¢Ò,7.08,¢Ú,5.1,¢Û,9999,-,0.59,"¢Û
",9,Clean,0
14,31-12-2015 00:00,7.27,¢Ò,7.04,¢Ú,4.9,¢Û,9999,-,0.6,"¢Û
",9,Clean,0
14,31-12-2015 04:00,7.31,¢Ò,7.1,¢Ú,5.5,¢Û,9999,-,0.56,"¢Û
",9,Clean,0
14,31-12-2015 08:00,7.16,¢Ò,6.76,¢Ú,6.2,¢Ù,9999,-,0.42,"¢Ú
",9,Clean,0
14,31-12-2015 12:00,7.23,¢Ò,7.19,¢Ú,6.5,¢Ù,9999,-,0.26,"¢Ú
",9,Clean,0
14,31-12-2015 16:00,7.19,¢Ò,6.86,¢Ú,6.1,¢Ù,9999,-,0.38,"¢Ú
",9,Clean,0
14,31-12-2015 20:00,7.2,¢Ò,7.11,¢Ú,5.4,¢Û,9999,-,0.53,"¢Û
",9,Clean,0
16,01-12-2015 04:00,7.66,¢Ò,8.54,¢Ò,2.51,¢Ú,9999,-,0.42,"¢Ú
",6,Clean,0
16,01-12-2015 20:00,7.65,¢Ò,8.18,¢Ò,2.74,¢Ú,9999,-,0.35,"¢Ú
",6,Clean,0
16,02-12-2015 08:00,7.65,¢Ò,8.08,¢Ò,2.61,¢Ú,9999,-,0.44,"¢Ú
",6,Clean,0
16,02-12-2015 12:00,7.64,¢Ò,8.4,¢Ò,2.71,¢Ú,9999,-,0.44,"¢Ú
",6,Clean,0
16,03-12-2015 04:00,7.65,¢Ò,8.13,¢Ò,2.54,¢Ú,9999,-,0.48,"¢Ú
",6,Clean,0
16,03-12-2015 08:00,7.65,¢Ò,8.21,¢Ò,2.65,¢Ú,9999,-,0.43,"¢Ú
",6,Clean,0
16,04-12-2015 04:00,7.68,¢Ò,8.16,¢Ò,2.66,¢Ú,9999,-,0.33,"¢Ú
",6,Clean,0
16,04-12-2015 08:00,7.68,¢Ò,8.08,¢Ò,2.51,¢Ú,9999,-,0.32,"¢Ú
",6,Clean,0
16,04-12-2015 12:00,7.7,¢Ò,8.16,¢Ò,2.61,¢Ú,9999,-,0.33,"¢Ú
",6,Clean,0
16,05-12-2015 04:00,7.66,¢Ò,8.51,¢Ò,2.52,¢Ú,9999,-,0.33,"¢Ú
",6,Clean,0
16,05-12-2015 08:00,7.67,¢Ò,8.5,¢Ò,2.35,¢Ú,9999,-,0.32,"¢Ú
",6,Clean,0
16,05-12-2015 12:00,7.68,¢Ò,8.47,¢Ò,2.62,¢Ú,9999,-,0.33,"¢Ú
",6,Clean,0
16,05-12-2015 20:00,7.66,¢Ò,8.42,¢Ò,2.43,¢Ú,9999,-,0.37,"¢Ú
",6,Clean,0
16,06-12-2015 04:00,7.63,¢Ò,8.52,¢Ò,2.36,¢Ú,9999,-,0.38,"¢Ú
",6,Clean,0
16,06-12-2015 08:00,7.64,¢Ò,8.56,¢Ò,2.45,¢Ú,9999,-,0.35,"¢Ú
",6,Clean,0
16,06-12-2015 12:00,7.65,¢Ò,8.65,¢Ò,2.68,¢Ú,9999,-,0.35,"¢Ú
",6,Clean,0
16,07-12-2015 04:00,7.62,¢Ò,8.58,¢Ò,2.39,¢Ú,9999,-,0.4,"¢Ú
",6,Clean,0
16,07-12-2015 08:00,7.6,¢Ò,8.9,¢Ò,2.61,¢Ú,9999,-,0.38,"¢Ú
",6,Clean,0
16,07-12-2015 12:00,7.59,¢Ò,8.93,¢Ò,2.76,¢Ú,9999,-,0.36,"¢Ú
",6,Clean,0
16,08-12-2015 04:00,7.54,¢Ò,8.52,¢Ò,2.41,¢Ú,9999,-,0.39,"¢Ú
",6,Clean,0
16,08-12-2015 12:00,7.56,¢Ò,8.6,¢Ò,2.51,¢Ú,9999,-,0.42,"¢Ú
",6,Clean,0
16,08-12-2015 16:00,7.56,¢Ò,8.45,¢Ò,2.34,¢Ú,9999,-,0.41,"¢Ú
",6,Clean,0
16,09-12-2015 04:00,7.56,¢Ò,8.48,¢Ò,2.43,¢Ú,9999,-,0.4,"¢Ú
",6,Clean,0
16,09-12-2015 08:00,7.56,¢Ò,8.49,¢Ò,2.27,¢Ú,9999,-,0.41,"¢Ú
",6,Clean,0
16,09-12-2015 12:00,7.55,¢Ò,8.68,¢Ò,2.44,¢Ú,9999,-,0.43,"¢Ú
",6,Clean,0
16,10-12-2015 04:00,7.53,¢Ò,8.37,¢Ò,2.31,¢Ú,9999,-,0.53,"¢Û
",7,Clean,0
16,10-12-2015 12:00,7.54,¢Ò,8.74,¢Ò,2.35,¢Ú,9999,-,0.48,"¢Ú
",6,Clean,0
16,11-12-2015 04:00,7.54,¢Ò,8.23,¢Ò,2.3,¢Ú,9999,-,0.46,"¢Ú
",6,Clean,0
16,11-12-2015 08:00,7.54,¢Ò,8.22,¢Ò,2.33,¢Ú,9999,-,0.5,"¢Ú
",6,Clean,0
16,11-12-2015 12:00,7.53,¢Ò,8.29,¢Ò,2.25,¢Ú,9999,-,0.46,"¢Ú
",6,Clean,0
16,12-12-2015 08:00,7.56,¢Ò,8.3,¢Ò,2.12,¢Ú,9999,-,0.52,"¢Û
",7,Clean,0
16,12-12-2015 16:00,7.58,¢Ò,8.59,¢Ò,2.51,¢Ú,9999,-,0.46,"¢Ú
",6,Clean,0
16,13-12-2015 08:00,7.59,¢Ò,8.66,¢Ò,2.29,¢Ú,9999,-,0.57,"¢Û
",7,Clean,0
16,13-12-2015 16:00,7.59,¢Ò,8.61,¢Ò,2.28,¢Ú,9999,-,0.58,"¢Û
",7,Clean,0
16,13-12-2015 20:00,7.59,¢Ò,8.54,¢Ò,2.28,¢Ú,9999,-,0.57,"¢Û
",7,Clean,0
16,14-12-2015 08:00,7.62,¢Ò,8.56,¢Ò,2.44,¢Ú,9999,-,0.65,"¢Û
",7,Clean,0
16,14-12-2015 12:00,7.52,¢Ò,8.65,¢Ò,2.09,¢Ú,9999,-,0.55,"¢Û
",7,Clean,0
16,14-12-2015 16:00,7.54,¢Ò,8.74,¢Ò,2.44,¢Ú,9999,-,0.56,"¢Û
",7,Clean,0
16,15-12-2015 08:00,7.58,¢Ò,8.67,¢Ò,2.33,¢Ú,9999,-,0.54,"¢Û
",7,Clean,0
16,16-12-2015 04:00,7.56,¢Ò,8.76,¢Ò,2.42,¢Ú,9999,-,0.49,"¢Ú
",6,Clean,0
16,16-12-2015 08:00,7.54,¢Ò,8.63,¢Ò,2.16,¢Ú,9999,-,0.53,"¢Û
",7,Clean,0
16,17-12-2015 08:00,7.61,¢Ò,8.89,¢Ò,2.36,¢Ú,9999,-,0.49,"¢Ú
",6,Clean,0
16,17-12-2015 15:00,7.73,¢Ò,11.86,¢Ò,4.32,¢Û,9999,-,0.39,"¢Ú
",7,Clean,0
16,18-12-2015 04:00,7.71,¢Ò,12.34,¢Ò,3.04,¢Ú,9999,-,0.61,"¢Û
",7,Clean,0
16,18-12-2015 08:00,7.72,¢Ò,10.77,¢Ò,2.51,¢Ú,9999,-,0.55,"¢Û
",7,Clean,0
16,18-12-2015 12:00,7.66,¢Ò,11.5,¢Ò,2.62,¢Ú,9999,-,0.75,"¢Û
",7,Clean,0
16,19-12-2015 04:00,7.73,¢Ò,11.19,¢Ò,2.12,¢Ú,9999,-,0.61,"¢Û
",7,Clean,0
16,19-12-2015 08:00,7.79,¢Ò,10.92,¢Ò,2.12,¢Ú,9999,-,0.66,"¢Û
",7,Clean,0
16,19-12-2015 12:00,7.76,¢Ò,11.03,¢Ò,2.23,¢Ú,9999,-,1.45,"¢Ù
",8,Clean,0
16,20-12-2015 04:00,7.72,¢Ò,10.87,¢Ò,2.08,¢Ú,9999,-,0.66,"¢Û
",7,Clean,0
16,20-12-2015 08:00,7.72,¢Ò,10.64,¢Ò,2.08,¢Ú,9999,-,0.6,"¢Û
",7,Clean,0
16,20-12-2015 12:00,7.78,¢Ò,10.48,¢Ò,2.08,¢Ú,9999,-,0.55,"¢Û
",7,Clean,0
16,21-12-2015 04:00,7.77,¢Ò,10,¢Ò,2.31,¢Ú,9999,-,0.6,"¢Û
",7,Clean,0
16,21-12-2015 08:00,7.77,¢Ò,9.68,¢Ò,2.31,¢Ú,9999,-,0.64,"¢Û
",7,Clean,0
16,21-12-2015 12:00,7.65,¢Ò,9.78,¢Ò,2.31,¢Ú,9999,-,0.6,"¢Û
",7,Clean,0
16,22-12-2015 04:00,7.75,¢Ò,9.24,¢Ò,1.74,¢Ò,9999,-,0.6,"¢Û
",6,Clean,0
16,22-12-2015 08:00,7.76,¢Ò,9.11,¢Ò,1.75,¢Ò,9999,-,0.68,"¢Û
",6,Clean,0
16,23-12-2015 04:00,7.75,¢Ò,8.82,¢Ò,2.15,¢Ú,9999,-,0.29,"¢Ú
",6,Clean,0
16,23-12-2015 08:00,7.77,¢Ò,8.68,¢Ò,2.24,¢Ú,9999,-,0.22,"¢Ú
",6,Clean,0
16,23-12-2015 12:00,7.79,¢Ò,8.99,¢Ò,2.38,¢Ú,9999,-,0.2,"¢Ú
",6,Clean,0
16,23-12-2015 16:00,7.77,¢Ò,8.92,¢Ò,2.22,¢Ú,9999,-,0.21,"¢Ú
",6,Clean,0
16,24-12-2015 12:00,7.78,¢Ò,8.95,¢Ò,2.33,¢Ú,9999,-,0.23,"¢Ú
",6,Clean,0
16,25-12-2015 08:00,7.71,¢Ò,8.64,¢Ò,1.6,¢Ò,9999,-,0.22,"¢Ú
",5,Clean,0
16,25-12-2015 12:00,7.71,¢Ò,9.03,¢Ò,3.05,¢Ú,9999,-,0.19,"¢Ú
",6,Clean,0
16,26-12-2015 04:00,7.73,¢Ò,8.79,¢Ò,2.28,¢Ú,9999,-,0.23,"¢Ú
",6,Clean,0
16,26-12-2015 08:00,7.74,¢Ò,8.82,¢Ò,2.28,¢Ú,9999,-,0.2,"¢Ú
",6,Clean,0
16,26-12-2015 12:00,7.7,¢Ò,8.89,¢Ò,2.28,¢Ú,9999,-,0.21,"¢Ú
",6,Clean,0
16,27-12-2015 04:00,7.72,¢Ò,8.66,¢Ò,2.3,¢Ú,9999,-,0.17,"¢Ú
",6,Clean,0
16,27-12-2015 08:00,7.73,¢Ò,8.61,¢Ò,2.13,¢Ú,9999,-,0.2,"¢Ú
",6,Clean,0
16,27-12-2015 12:00,7.78,¢Ò,8.99,¢Ò,2.26,¢Ú,9999,-,0.28,"¢Ú
",6,Clean,0
16,28-12-2015 08:00,7.77,¢Ò,8.77,¢Ò,2.1,¢Ú,9999,-,0.2,"¢Ú
",6,Clean,0
16,28-12-2015 12:00,7.71,¢Ò,8.9,¢Ò,2.19,¢Ú,9999,-,0.19,"¢Ú
",6,Clean,0
16,29-12-2015 04:00,7.81,¢Ò,8.67,¢Ò,2.13,¢Ú,9999,-,0.16,"¢Ú
",6,Clean,0
16,29-12-2015 08:00,7.81,¢Ò,8.87,¢Ò,2.17,¢Ú,9999,-,0.18,"¢Ú
",6,Clean,0
16,29-12-2015 12:00,7.73,¢Ò,8.88,¢Ò,2.04,¢Ú,9999,-,0.21,"¢Ú
",6,Clean,0
16,30-12-2015 04:00,7.78,¢Ò,8.76,¢Ò,2.08,¢Ú,9999,-,0.22,"¢Ú
",6,Clean,0
16,30-12-2015 08:00,7.78,¢Ò,8.64,¢Ò,1.95,¢Ò,9999,-,0.2,"¢Ú
",5,Clean,0
16,30-12-2015 12:00,7.79,¢Ò,8.92,¢Ò,2.27,¢Ú,9999,-,0.21,"¢Ú
",6,Clean,0
16,31-12-2015 04:00,7.77,¢Ò,8.7,¢Ò,2.17,¢Ú,9999,-,0.2,"¢Ú
",6,Clean,0
16,31-12-2015 08:00,7.78,¢Ò,8.68,¢Ò,2.08,¢Ú,9999,-,0.18,"¢Ú
",6,Clean,0
16,31-12-2015 12:00,7.81,¢Ò,9.02,¢Ò,2.38,¢Ú,9999,-,0.21,"¢Ú
",6,Clean,0
18,01-12-2015 04:00,8.3,¢Ò,10.69,¢Ò,3.48,¢Ú,9999,-,0.17,"¢Ú
",6,Clean,0
18,01-12-2015 08:00,8.29,¢Ò,10.41,¢Ò,3.4,¢Ú,9999,-,0.18,"¢Ú
",6,Clean,0
18,01-12-2015 10:00,8.28,¢Ò,8.2,¢Ò,2.88,¢Ú,9999,-,0.2,"¢Ú
",6,Clean,0
18,01-12-2015 12:00,8.28,¢Ò,7.89,¢Ò,1.79,¢Ò,9999,-,0.14,"¢Ò
",4,Clean,0
18,01-12-2015 16:00,8.31,¢Ò,7.8,¢Ò,2.73,¢Ú,9999,-,0.14,"¢Ò
",5,Clean,0
18,01-12-2015 20:00,8.29,¢Ò,8.01,¢Ò,2.28,¢Ú,9999,-,0.17,"¢Ú
",6,Clean,0
18,02-12-2015 00:00,8.27,¢Ò,7.95,¢Ò,2.92,¢Ú,9999,-,0.22,"¢Ú
",6,Clean,0
18,02-12-2015 04:00,8.27,¢Ò,8.3,¢Ò,3.71,¢Ú,9999,-,0.18,"¢Ú
",6,Clean,0
18,02-12-2015 08:00,8.26,¢Ò,8.28,¢Ò,2.6,¢Ú,9999,-,0.19,"¢Ú
",6,Clean,0
18,02-12-2015 12:00,8.27,¢Ò,7.97,¢Ò,2.6,¢Ú,9999,-,0.17,"¢Ú
",6,Clean,0
18,02-12-2015 16:00,8.29,¢Ò,8.09,¢Ò,2.55,¢Ú,9999,-,0.18,"¢Ú
",6,Clean,0
18,02-12-2015 20:00,8.3,¢Ò,8.16,¢Ò,2.22,¢Ú,9999,-,0.12,"¢Ò
",5,Clean,0
18,03-12-2015 00:00,8.27,¢Ò,8.28,¢Ò,2.01,¢Ú,9999,-,0.17,"¢Ú
",6,Clean,0
18,03-12-2015 04:00,8.28,¢Ò,8.36,¢Ò,1.49,¢Ò,9999,-,0.16,"¢Ú
",5,Clean,0
18,03-12-2015 08:00,8.28,¢Ò,8.33,¢Ò,2.34,¢Ú,9999,-,0.2,"¢Ú
",6,Clean,0
18,03-12-2015 12:00,8.29,¢Ò,8.91,¢Ò,2.2,¢Ú,9999,-,0.17,"¢Ú
",6,Clean,0
18,03-12-2015 16:00,8.3,¢Ò,9.15,¢Ò,3.29,¢Ú,9999,-,0.18,"¢Ú
",6,Clean,0
18,03-12-2015 20:00,8.28,¢Ò,8.91,¢Ò,2.9,¢Ú,9999,-,0.18,"¢Ú
",6,Clean,0
18,04-12-2015 08:00,8.24,¢Ò,8.72,¢Ò,1.96,¢Ò,9999,-,0.17,"¢Ú
",5,Clean,0
18,04-12-2015 12:00,8.26,¢Ò,8.71,¢Ò,2.73,¢Ú,9999,-,0.18,"¢Ú
",6,Clean,0
18,04-12-2015 17:00,8.27,¢Ò,11.48,¢Ò,1.14,¢Ò,9999,-,0.17,"¢Ú
",5,Clean,0
18,04-12-2015 20:00,8.26,¢Ò,8.86,¢Ò,3.77,¢Ú,9999,-,0.19,"¢Ú
",6,Clean,0
18,05-12-2015 00:00,8.24,¢Ò,8.83,¢Ò,3.77,¢Ú,9999,-,0.2,"¢Ú
",6,Clean,0
18,05-12-2015 04:00,8.22,¢Ò,8.82,¢Ò,1.23,¢Ò,9999,-,0.2,"¢Ú
",5,Clean,0
18,05-12-2015 08:00,8.22,¢Ò,8.81,¢Ò,2.84,¢Ú,9999,-,0.19,"¢Ú
",6,Clean,0
18,05-12-2015 12:00,8.28,¢Ò,8.79,¢Ò,2.97,¢Ú,9999,-,0.28,"¢Ú
",6,Clean,0
18,05-12-2015 16:00,8.27,¢Ò,8.84,¢Ò,2.97,¢Ú,9999,-,0.21,"¢Ú
",6,Clean,0
18,05-12-2015 20:00,8.24,¢Ò,9.08,¢Ò,2.38,¢Ú,9999,-,0.18,"¢Ú
",6,Clean,0
18,06-12-2015 00:00,8.23,¢Ò,8.97,¢Ò,2.12,¢Ú,9999,-,0.2,"¢Ú
",6,Clean,0
18,06-12-2015 04:00,8.23,¢Ò,8.99,¢Ò,2,¢Ò,9999,-,0.2,"¢Ú
",5,Clean,0
18,06-12-2015 08:00,8.31,¢Ò,8.96,¢Ò,1.76,¢Ò,9999,-,0.24,"¢Ú
",5,Clean,0
18,06-12-2015 12:00,8.34,¢Ò,8.97,¢Ò,2.6,¢Ú,9999,-,0.32,"¢Ú
",6,Clean,0
18,06-12-2015 16:00,8.3,¢Ò,8.99,¢Ò,5.2,¢Û,9999,-,0.22,"¢Ú
",7,Clean,0
18,06-12-2015 20:00,8.25,¢Ò,9.03,¢Ò,5.2,¢Û,9999,-,0.19,"¢Ú
",7,Clean,0
18,07-12-2015 00:00,8.25,¢Ò,9.11,¢Ò,1.5,¢Ò,9999,-,0.18,"¢Ú
",5,Clean,0
18,07-12-2015 04:00,8.24,¢Ò,9.11,¢Ò,2.34,¢Ú,9999,-,0.19,"¢Ú
",6,Clean,0
18,07-12-2015 08:00,8.23,¢Ò,9.16,¢Ò,2.57,¢Ú,9999,-,0.2,"¢Ú
",6,Clean,0
18,07-12-2015 12:00,8.33,¢Ò,9.11,¢Ò,1.29,¢Ò,9999,-,0.21,"¢Ú
",5,Clean,0
18,07-12-2015 16:00,8.27,¢Ò,9.07,¢Ò,2.23,¢Ú,9999,-,0.17,"¢Ú
",6,Clean,0
18,07-12-2015 20:00,8.23,¢Ò,9.06,¢Ò,2.02,¢Ú,9999,-,0.18,"¢Ú
",6,Clean,0
18,08-12-2015 00:00,8.24,¢Ò,9.2,¢Ò,3.44,¢Ú,9999,-,0.15,"¢Ò
",5,Clean,0
18,08-12-2015 04:00,8.23,¢Ò,9.18,¢Ò,2.59,¢Ú,9999,-,0.17,"¢Ú
",6,Clean,0
18,08-12-2015 08:00,8.21,¢Ò,9.39,¢Ò,2.79,¢Ú,9999,-,0.16,"¢Ú
",6,Clean,0
18,08-12-2015 12:00,8.25,¢Ò,9.38,¢Ò,-1,-,9999,-,4.53,"¡”¢ı
",12,Polluted,1
18,08-12-2015 16:00,8.24,¢Ò,9.41,¢Ò,1.65,¢Ò,9999,-,0.41,"¢Ú
",5,Clean,0
18,08-12-2015 20:00,8.19,¢Ò,9.4,¢Ò,2.08,¢Ú,9999,-,0.15,"¢Ò
",5,Clean,0
18,09-12-2015 00:00,8.21,¢Ò,9.39,¢Ò,3.76,¢Ú,9999,-,0.19,"¢Ú
",6,Clean,0
18,09-12-2015 04:00,8.21,¢Ò,9.42,¢Ò,2.72,¢Ú,9999,-,0.15,"¢Ò
",5,Clean,0
18,09-12-2015 08:00,8.19,¢Ò,9.37,¢Ò,2.61,¢Ú,9999,-,0.17,"¢Ú
",6,Clean,0
18,09-12-2015 12:00,8.2,¢Ò,9.35,¢Ò,1.92,¢Ò,9999,-,0.16,"¢Ú
",5,Clean,0
18,09-12-2015 16:00,8.19,¢Ò,9.34,¢Ò,4.28,¢Û,9999,-,0.2,"¢Ú
",7,Clean,0
18,09-12-2015 20:00,8.16,¢Ò,9.34,¢Ò,5.02,¢Û,9999,-,0.19,"¢Ú
",7,Clean,0
18,10-12-2015 00:00,8.17,¢Ò,9.32,¢Ò,5.02,¢Û,9999,-,0.14,"¢Ò
",6,Clean,0
18,10-12-2015 04:00,8.17,¢Ò,9.32,¢Ò,4.13,¢Û,9999,-,0.15,"¢Ò
",6,Clean,0
18,10-12-2015 08:00,8.19,¢Ò,9.25,¢Ò,4.13,¢Û,9999,-,0.2,"¢Ú
",7,Clean,0
18,10-12-2015 12:00,8.25,¢Ò,9.18,¢Ò,4.13,¢Û,9999,-,0.22,"¢Ú
",7,Clean,0
18,10-12-2015 16:00,8.24,¢Ò,9.15,¢Ò,5.66,¢Û,9999,-,0.28,"¢Ú
",7,Clean,0
18,10-12-2015 20:00,8.17,¢Ò,9.17,¢Ò,4.38,¢Û,9999,-,0.2,"¢Ú
",7,Clean,0
18,11-12-2015 00:00,8.17,¢Ò,9.18,¢Ò,3.72,¢Ú,9999,-,0.19,"¢Ú
",6,Clean,0
18,11-12-2015 04:00,8.16,¢Ò,9.21,¢Ò,5.05,¢Û,9999,-,0.17,"¢Ú
",7,Clean,0
18,11-12-2015 08:00,8.16,¢Ò,9.21,¢Ò,3.71,¢Ú,9999,-,0.19,"¢Ú
",6,Clean,0
18,11-12-2015 12:00,8.2,¢Ò,9.21,¢Ò,3.71,¢Ú,9999,-,0.22,"¢Ú
",6,Clean,0
18,11-12-2015 16:00,8.21,¢Ò,9.26,¢Ò,1.72,¢Ò,9999,-,0.2,"¢Ú
",5,Clean,0
18,11-12-2015 20:00,8.18,¢Ò,9.27,¢Ò,1.25,¢Ò,9999,-,0.2,"¢Ú
",5,Clean,0
18,12-12-2015 00:00,8.18,¢Ò,9.38,¢Ò,1.02,¢Ò,9999,-,0.23,"¢Ú
",5,Clean,0
18,12-12-2015 04:00,8.19,¢Ò,9.48,¢Ò,1.02,¢Ò,9999,-,0.16,"¢Ú
",5,Clean,0
18,12-12-2015 08:00,8.17,¢Ò,9.48,¢Ò,2.41,¢Ú,9999,-,0.19,"¢Ú
",6,Clean,0
18,12-12-2015 16:00,8.19,¢Ò,9.43,¢Ò,5.72,¢Û,9999,-,0.25,"¢Ú
",7,Clean,0
18,12-12-2015 20:00,8.15,¢Ò,9.43,¢Ò,2.04,¢Ú,9999,-,0.19,"¢Ú
",6,Clean,0
18,13-12-2015 00:00,8.16,¢Ò,9.47,¢Ò,1.57,¢Ò,9999,-,0.18,"¢Ú
",5,Clean,0
18,13-12-2015 04:00,8.17,¢Ò,9.53,¢Ò,1.61,¢Ò,9999,-,0.22,"¢Ú
",5,Clean,0
18,13-12-2015 08:00,8.13,¢Ò,9.52,¢Ò,1.61,¢Ò,9999,-,0.18,"¢Ú
",5,Clean,0
18,13-12-2015 12:00,8.16,¢Ò,9.43,¢Ò,0.52,¢Ò,9999,-,0.17,"¢Ú
",5,Clean,0
18,13-12-2015 16:00,8.17,¢Ò,9.48,¢Ò,1.37,¢Ò,9999,-,0.18,"¢Ú
",5,Clean,0
18,13-12-2015 20:00,8.16,¢Ò,9.47,¢Ò,3.43,¢Ú,9999,-,0.21,"¢Ú
",6,Clean,0
18,14-12-2015 00:00,8.15,¢Ò,9.47,¢Ò,1.38,¢Ò,9999,-,0.16,"¢Ú
",5,Clean,0
18,14-12-2015 04:00,8.17,¢Ò,9.48,¢Ò,1.8,¢Ò,9999,-,0.17,"¢Ú
",5,Clean,0
18,14-12-2015 08:00,8.19,¢Ò,9.4,¢Ò,1.54,¢Ò,9999,-,0.25,"¢Ú
",5,Clean,0
18,14-12-2015 12:00,8.17,¢Ò,9.29,¢Ò,3.29,¢Ú,9999,-,0.3,"¢Ú
",6,Clean,0
18,14-12-2015 16:00,8.15,¢Ò,9.37,¢Ò,2.59,¢Ú,9999,-,0.22,"¢Ú
",6,Clean,0
18,14-12-2015 20:00,8.14,¢Ò,9.47,¢Ò,2.45,¢Ú,9999,-,0.17,"¢Ú
",6,Clean,0
18,15-12-2015 00:00,8.13,¢Ò,9.51,¢Ò,3.2,¢Ú,9999,-,0.21,"¢Ú
",6,Clean,0
18,15-12-2015 04:00,8.14,¢Ò,9.54,¢Ò,2.17,¢Ú,9999,-,-1,"-
",4,Clean,0
18,15-12-2015 08:00,8.12,¢Ò,9.61,¢Ò,1.63,¢Ò,9999,-,-1,"-
",3,Clean,0
18,15-12-2015 12:00,8.38,¢Ò,8.77,¢Ò,1.7,¢Ò,9999,-,0.11,"¢Ò
",4,Clean,0
18,15-12-2015 16:00,8.41,¢Ò,9.18,¢Ò,1.76,¢Ò,9999,-,0.1,"¢Ò
",4,Clean,0
18,15-12-2015 20:00,8.4,¢Ò,9.44,¢Ò,2.47,¢Ú,9999,-,0.1,"¢Ò
",5,Clean,0
18,16-12-2015 00:00,8.4,¢Ò,9.86,¢Ò,5.8,¢Û,9999,-,0.06,"¢Ò
",6,Clean,0
18,16-12-2015 04:00,8.4,¢Ò,10.51,¢Ò,3.42,¢Ú,9999,-,0.06,"¢Ò
",5,Clean,0
18,16-12-2015 08:00,8.4,¢Ò,10.08,¢Ò,2.91,¢Ú,9999,-,0.06,"¢Ò
",5,Clean,0
18,16-12-2015 12:00,8.4,¢Ò,10.13,¢Ò,2.31,¢Ú,9999,-,0.37,"¢Ú
",6,Clean,0
18,16-12-2015 16:00,8.42,¢Ò,9.19,¢Ò,2.31,¢Ú,9999,-,0.16,"¢Ú
",6,Clean,0
18,16-12-2015 20:00,8.42,¢Ò,9.33,¢Ò,3.13,¢Ú,9999,-,0.18,"¢Ú
",6,Clean,0
18,17-12-2015 00:00,8.41,¢Ò,9.55,¢Ò,2.37,¢Ú,9999,-,0.17,"¢Ú
",6,Clean,0
18,17-12-2015 04:00,8.41,¢Ò,9.7,¢Ò,2.86,¢Ú,9999,-,0.16,"¢Ú
",6,Clean,0
18,17-12-2015 08:00,8.46,¢Ò,10.01,¢Ò,2.03,¢Ú,9999,-,0.23,"¢Ú
",6,Clean,0
18,17-12-2015 12:00,8.49,¢Ò,9.68,¢Ò,3.16,¢Ú,9999,-,0.25,"¢Ú
",6,Clean,0
18,17-12-2015 16:00,8.46,¢Ò,9.73,¢Ò,3.16,¢Ú,9999,-,0.19,"¢Ú
",6,Clean,0
18,17-12-2015 20:00,8.42,¢Ò,9.96,¢Ò,3.98,¢Ú,9999,-,0.15,"¢Ò
",5,Clean,0
18,18-12-2015 00:00,8.4,¢Ò,10.6,¢Ò,3.57,¢Ú,9999,-,0.14,"¢Ò
",5,Clean,0
18,18-12-2015 04:00,8.4,¢Ò,10.12,¢Ò,3.37,¢Ú,9999,-,0.19,"¢Ú
",6,Clean,0
18,18-12-2015 08:00,8.41,¢Ò,10.26,¢Ò,2.95,¢Ú,9999,-,0.16,"¢Ú
",6,Clean,0
18,18-12-2015 12:00,8.44,¢Ò,10.17,¢Ò,2.55,¢Ú,9999,-,0.17,"¢Ú
",6,Clean,0
18,18-12-2015 16:00,8.44,¢Ò,10.12,¢Ò,2.99,¢Ú,9999,-,0.16,"¢Ú
",6,Clean,0
18,18-12-2015 20:00,8.41,¢Ò,10.18,¢Ò,4.03,¢Û,9999,-,0.17,"¢Ú
",7,Clean,0
18,19-12-2015 00:00,8.41,¢Ò,10.28,¢Ò,3.15,¢Ú,9999,-,0.14,"¢Ò
",5,Clean,0
18,19-12-2015 04:00,8.4,¢Ò,10.39,¢Ò,3.15,¢Ú,9999,-,0.17,"¢Ú
",6,Clean,0
18,19-12-2015 08:00,8.42,¢Ò,10.51,¢Ò,3.74,¢Ú,9999,-,0.15,"¢Ò
",5,Clean,0
18,19-12-2015 12:00,8.41,¢Ò,10.59,¢Ò,3.37,¢Ú,9999,-,0.18,"¢Ú
",6,Clean,0
18,19-12-2015 16:00,8.41,¢Ò,10.61,¢Ò,2.64,¢Ú,9999,-,0.11,"¢Ò
",5,Clean,0
18,19-12-2015 20:00,8.41,¢Ò,10.61,¢Ò,3.57,¢Ú,9999,-,0.18,"¢Ú
",6,Clean,0
18,20-12-2015 00:00,8.39,¢Ò,10.61,¢Ò,3.01,¢Ú,9999,-,0.19,"¢Ú
",6,Clean,0
18,20-12-2015 04:00,8.41,¢Ò,10.56,¢Ò,5.93,¢Û,9999,-,0.17,"¢Ú
",7,Clean,0
18,20-12-2015 08:00,8.43,¢Ò,10.6,¢Ò,2.88,¢Ú,9999,-,0.23,"¢Ú
",6,Clean,0
18,20-12-2015 12:00,8.48,¢Ò,10.57,¢Ò,2.63,¢Ú,9999,-,0.28,"¢Ú
",6,Clean,0
18,20-12-2015 16:00,8.37,¢Ò,10.6,¢Ò,2.78,¢Ú,9999,-,0.22,"¢Ú
",6,Clean,0
18,20-12-2015 20:00,8.35,¢Ò,10.67,¢Ò,3.38,¢Ú,9999,-,0.16,"¢Ú
",6,Clean,0
18,21-12-2015 00:00,8.34,¢Ò,10.75,¢Ò,2.53,¢Ú,9999,-,0.14,"¢Ò
",5,Clean,0
18,21-12-2015 04:00,8.34,¢Ò,10.85,¢Ò,4.74,¢Û,9999,-,0.17,"¢Ú
",7,Clean,0
18,21-12-2015 08:00,8.36,¢Ò,10.8,¢Ò,3.57,¢Ú,9999,-,0.19,"¢Ú
",6,Clean,0
18,21-12-2015 12:00,8.43,¢Ò,10.78,¢Ò,3.56,¢Ú,9999,-,0.3,"¢Ú
",6,Clean,0
18,21-12-2015 16:00,8.37,¢Ò,10.83,¢Ò,4.07,¢Û,9999,-,0.19,"¢Ú
",7,Clean,0
18,21-12-2015 20:00,8.34,¢Ò,11,¢Ò,4.22,¢Û,9999,-,0.17,"¢Ú
",7,Clean,0
18,22-12-2015 00:00,8.34,¢Ò,11.14,¢Ò,3.38,¢Ú,9999,-,0.17,"¢Ú
",6,Clean,0
18,22-12-2015 04:00,8.33,¢Ò,11.21,¢Ò,3.38,¢Ú,9999,-,0.18,"¢Ú
",6,Clean,0
18,22-12-2015 08:00,8.31,¢Ò,11.24,¢Ò,3.09,¢Ú,9999,-,0.17,"¢Ú
",6,Clean,0
18,22-12-2015 12:00,8.32,¢Ò,11.27,¢Ò,3.09,¢Ú,9999,-,0.15,"¢Ò
",5,Clean,0
18,22-12-2015 16:00,8.45,¢Ò,10.04,¢Ò,3.69,¢Ú,9999,-,0.49,"¢Ú
",6,Clean,0
18,22-12-2015 20:00,8.46,¢Ò,9.8,¢Ò,5.34,¢Û,9999,-,0.18,"¢Ú
",7,Clean,0
18,23-12-2015 00:00,8.46,¢Ò,10.43,¢Ò,4.93,¢Û,9999,-,0.17,"¢Ú
",7,Clean,0
18,23-12-2015 04:00,8.46,¢Ò,10.78,¢Ò,6.57,¢Ù,9999,-,0.15,"¢Ò
",7,Clean,0
18,23-12-2015 08:00,8.49,¢Ò,10.7,¢Ò,4.97,¢Û,9999,-,0.2,"¢Ú
",7,Clean,0
18,23-12-2015 12:00,8.5,¢Ò,9.89,¢Ò,1.39,¢Ò,9999,-,0.22,"¢Ú
",5,Clean,0
18,23-12-2015 16:00,8.54,¢Ò,9.79,¢Ò,0.8,¢Ò,9999,-,0.23,"¢Ú
",5,Clean,0
18,23-12-2015 20:00,8.49,¢Ò,9.94,¢Ò,2.49,¢Ú,9999,-,0.21,"¢Ú
",6,Clean,0
18,24-12-2015 16:00,8.52,¢Ò,10.35,¢Ò,1.86,¢Ò,9999,-,0.25,"¢Ú
",5,Clean,0
18,24-12-2015 20:00,8.46,¢Ò,10.41,¢Ò,1.93,¢Ò,9999,-,0.16,"¢Ú
",5,Clean,0
18,25-12-2015 00:00,8.46,¢Ò,10.43,¢Ò,1.1,¢Ò,9999,-,0.19,"¢Ú
",5,Clean,0
18,25-12-2015 04:00,8.46,¢Ò,10.55,¢Ò,-1,-,9999,-,0.18,"¢Ú
",4,Clean,0
18,25-12-2015 08:00,8.44,¢Ò,10.56,¢Ò,1.35,¢Ò,9999,-,0.22,"¢Ú
",5,Clean,0
18,25-12-2015 12:00,8.47,¢Ò,10.53,¢Ò,1.25,¢Ò,9999,-,0.17,"¢Ú
",5,Clean,0
18,25-12-2015 16:00,8.48,¢Ò,10.62,¢Ò,1.68,¢Ò,9999,-,0.16,"¢Ú
",5,Clean,0
18,25-12-2015 20:00,8.45,¢Ò,10.55,¢Ò,1.85,¢Ò,9999,-,0.2,"¢Ú
",5,Clean,0
18,26-12-2015 00:00,8.45,¢Ò,10.69,¢Ò,1.75,¢Ò,9999,-,0.22,"¢Ú
",5,Clean,0
18,26-12-2015 04:00,8.45,¢Ò,10.75,¢Ò,1.17,¢Ò,9999,-,0.22,"¢Ú
",5,Clean,0
18,26-12-2015 08:00,8.44,¢Ò,10.84,¢Ò,1.38,¢Ò,9999,-,0.2,"¢Ú
",5,Clean,0
18,26-12-2015 12:00,8.5,¢Ò,10.84,¢Ò,-1,-,9999,-,0.2,"¢Ú
",4,Clean,0
18,26-12-2015 16:00,8.51,¢Ò,10.87,¢Ò,-1,-,9999,-,0.19,"¢Ú
",4,Clean,0
18,26-12-2015 20:00,8.45,¢Ò,10.87,¢Ò,-1,-,9999,-,0.21,"¢Ú
",4,Clean,0
18,27-12-2015 00:00,8.44,¢Ò,10.91,¢Ò,0.52,¢Ò,9999,-,0.21,"¢Ú
",5,Clean,0
18,27-12-2015 04:00,8.43,¢Ò,10.9,¢Ò,0.52,¢Ò,9999,-,0.2,"¢Ú
",5,Clean,0
18,27-12-2015 08:00,8.46,¢Ò,10.91,¢Ò,1.82,¢Ò,9999,-,0.19,"¢Ú
",5,Clean,0
18,27-12-2015 12:00,8.52,¢Ò,10.97,¢Ò,0.69,¢Ò,9999,-,0.22,"¢Ú
",5,Clean,0
18,27-12-2015 16:00,8.48,¢Ò,11.1,¢Ò,1.78,¢Ò,9999,-,0.22,"¢Ú
",5,Clean,0
18,27-12-2015 20:00,8.44,¢Ò,11.17,¢Ò,1.71,¢Ò,9999,-,0.21,"¢Ú
",5,Clean,0
18,28-12-2015 00:00,8.44,¢Ò,11.29,¢Ò,1.71,¢Ò,9999,-,0.2,"¢Ú
",5,Clean,0
18,28-12-2015 04:00,8.44,¢Ò,11.32,¢Ò,-1,-,9999,-,0.19,"¢Ú
",4,Clean,0
18,28-12-2015 08:00,8.45,¢Ò,11.34,¢Ò,2.02,¢Ú,9999,-,0.22,"¢Ú
",6,Clean,0
18,28-12-2015 12:00,8.54,¢Ò,9.77,¢Ò,0.5,¢Ò,9999,-,0.26,"¢Ú
",5,Clean,0
18,28-12-2015 16:00,8.49,¢Ò,9.83,¢Ò,-1,-,9999,-,0.19,"¢Ú
",4,Clean,0
18,28-12-2015 20:00,8.43,¢Ò,9.81,¢Ò,4.06,¢Û,9999,-,0.2,"¢Ú
",7,Clean,0
18,29-12-2015 00:00,8.43,¢Ò,9.68,¢Ò,0.48,¢Ò,9999,-,0.24,"¢Ú
",5,Clean,0
18,29-12-2015 04:00,8.43,¢Ò,9.78,¢Ò,1.13,¢Ò,9999,-,0.19,"¢Ú
",5,Clean,0
18,29-12-2015 08:00,8.43,¢Ò,9.84,¢Ò,0.5,¢Ò,9999,-,0.16,"¢Ú
",5,Clean,0
18,29-12-2015 12:00,8.51,¢Ò,9.88,¢Ò,1.18,¢Ò,9999,-,0.23,"¢Ú
",5,Clean,0
18,30-12-2015 04:00,8.43,¢Ò,10.41,¢Ò,1.84,¢Ò,9999,-,0.2,"¢Ú
",5,Clean,0
18,30-12-2015 08:00,8.47,¢Ò,10.51,¢Ò,1.5,¢Ò,9999,-,0.24,"¢Ú
",5,Clean,0
18,30-12-2015 12:00,8.47,¢Ò,9.75,¢Ò,-1,-,9999,-,0.24,"¢Ú
",4,Clean,0
18,30-12-2015 16:00,8.48,¢Ò,10.1,¢Ò,0.74,¢Ò,9999,-,0.26,"¢Ú
",5,Clean,0
18,30-12-2015 20:00,8.46,¢Ò,10.31,¢Ò,2.62,¢Ú,9999,-,0.24,"¢Ú
",6,Clean,0
18,31-12-2015 00:00,8.42,¢Ò,10.55,¢Ò,2.52,¢Ú,9999,-,0.19,"¢Ú
",6,Clean,0
18,31-12-2015 04:00,8.42,¢Ò,10.89,¢Ò,2.86,¢Ú,9999,-,0.21,"¢Ú
",6,Clean,0
18,31-12-2015 08:00,8.54,¢Ò,11.19,¢Ò,4.78,¢Û,9999,-,0.3,"¢Ú
",7,Clean,0
18,31-12-2015 12:00,8.53,¢Ò,11.13,¢Ò,4.78,¢Û,9999,-,0.31,"¢Ú
",7,Clean,0
18,31-12-2015 16:00,8.53,¢Ò,11.17,¢Ò,4.78,¢Û,9999,-,0.3,"¢Ú
",7,Clean,0
18,31-12-2015 20:00,8.43,¢Ò,11.45,¢Ò,2.88,¢Ú,9999,-,0.21,"¢Ú
",6,Clean,0
